craft	minecraft:acacia_boat	1	3	minecraft:acacia_planks*5
craft	minecraft:acacia_button	1	2	minecraft:acacia_planks*1
craft	minecraft:acacia_chest_boat	1	2	minecraft:chest*1,minecraft:acacia_boat*1
craft	minecraft:acacia_door	3	3	minecraft:acacia_planks*6
craft	minecraft:acacia_fence	3	3	minecraft:acacia_planks*4,minecraft:stick*2
craft	minecraft:acacia_fence_gate	1	3	minecraft:stick*4,minecraft:acacia_planks*2
craft	minecraft:acacia_hanging_sign	6	3	minecraft:iron_chain*2,minecraft:stripped_acacia_log*6
craft	minecraft:acacia_planks	4	2	#minecraft:acacia_logs*1
craft	minecraft:acacia_pressure_plate	1	2	minecraft:acacia_planks*2
craft	minecraft:acacia_shelf	6	3	minecraft:stripped_acacia_log*6
craft	minecraft:acacia_sign	3	3	minecraft:acacia_planks*6,minecraft:stick*1
craft	minecraft:acacia_slab	6	3	minecraft:acacia_planks*3
craft	minecraft:acacia_stairs	4	3	minecraft:acacia_planks*6
craft	minecraft:acacia_trapdoor	2	3	minecraft:acacia_planks*6
craft	minecraft:acacia_wood	3	2	minecraft:acacia_log*4
craft	minecraft:activator_rail	6	3	minecraft:iron_ingot*6,minecraft:stick*2,minecraft:redstone_torch*1
craft	minecraft:amethyst_block	1	2	minecraft:amethyst_shard*4
craft	minecraft:andesite	2	2	minecraft:diorite*1,minecraft:cobblestone*1
craft	minecraft:andesite_slab	6	3	minecraft:andesite*3
craft	minecraft:andesite_stairs	4	3	minecraft:andesite*6
craft	minecraft:andesite_wall	6	3	minecraft:andesite*6
craft	minecraft:anvil	1	3	minecraft:iron_block*3,minecraft:iron_ingot*4
craft	minecraft:armor_stand	1	3	minecraft:stick*6,minecraft:smooth_stone_slab*1
craft	minecraft:arrow	4	3	minecraft:flint*1,minecraft:stick*1,minecraft:feather*1
craft	minecraft:bamboo_block	1	3	minecraft:bamboo*9
craft	minecraft:bamboo_button	1	2	minecraft:bamboo_planks*1
craft	minecraft:bamboo_chest_raft	1	2	minecraft:chest*1,minecraft:bamboo_raft*1
craft	minecraft:bamboo_door	3	3	minecraft:bamboo_planks*6
craft	minecraft:bamboo_fence	3	3	minecraft:bamboo_planks*4,minecraft:stick*2
craft	minecraft:bamboo_fence_gate	1	3	minecraft:stick*4,minecraft:bamboo_planks*2
craft	minecraft:bamboo_hanging_sign	6	3	minecraft:iron_chain*2,minecraft:stripped_bamboo_block*6
craft	minecraft:bamboo_mosaic	1	2	minecraft:bamboo_slab*2
craft	minecraft:bamboo_mosaic_slab	6	3	minecraft:bamboo_mosaic*3
craft	minecraft:bamboo_mosaic_stairs	4	3	minecraft:bamboo_mosaic*6
craft	minecraft:bamboo_planks	2	2	#minecraft:bamboo_blocks*1
craft	minecraft:bamboo_pressure_plate	1	2	minecraft:bamboo_planks*2
craft	minecraft:bamboo_raft	1	3	minecraft:bamboo_planks*5
craft	minecraft:bamboo_shelf	6	3	minecraft:stripped_bamboo_block*6
craft	minecraft:bamboo_sign	3	3	minecraft:bamboo_planks*6,minecraft:stick*1
craft	minecraft:bamboo_slab	6	3	minecraft:bamboo_planks*3
craft	minecraft:bamboo_stairs	4	3	minecraft:bamboo_planks*6
craft	minecraft:bamboo_trapdoor	2	3	minecraft:bamboo_planks*6
craft	minecraft:barrel	1	3	#minecraft:planks*6,#minecraft:wooden_slabs*2
craft	minecraft:beacon	1	3	minecraft:glass*5,minecraft:nether_star*1,minecraft:obsidian*3
craft	minecraft:beehive	1	3	#minecraft:planks*6,minecraft:honeycomb*3
craft	minecraft:beetroot_soup	1	3	minecraft:bowl*1,minecraft:beetroot*6
craft	minecraft:birch_boat	1	3	minecraft:birch_planks*5
craft	minecraft:birch_button	1	2	minecraft:birch_planks*1
craft	minecraft:birch_chest_boat	1	2	minecraft:chest*1,minecraft:birch_boat*1
craft	minecraft:birch_door	3	3	minecraft:birch_planks*6
craft	minecraft:birch_fence	3	3	minecraft:birch_planks*4,minecraft:stick*2
craft	minecraft:birch_fence_gate	1	3	minecraft:stick*4,minecraft:birch_planks*2
craft	minecraft:birch_hanging_sign	6	3	minecraft:iron_chain*2,minecraft:stripped_birch_log*6
craft	minecraft:birch_planks	4	2	#minecraft:birch_logs*1
craft	minecraft:birch_pressure_plate	1	2	minecraft:birch_planks*2
craft	minecraft:birch_shelf	6	3	minecraft:stripped_birch_log*6
craft	minecraft:birch_sign	3	3	minecraft:birch_planks*6,minecraft:stick*1
craft	minecraft:birch_slab	6	3	minecraft:birch_planks*3
craft	minecraft:birch_stairs	4	3	minecraft:birch_planks*6
craft	minecraft:birch_trapdoor	2	3	minecraft:birch_planks*6
craft	minecraft:birch_wood	3	2	minecraft:birch_log*4
craft	minecraft:black_banner	1	3	minecraft:black_wool*6,minecraft:stick*1
craft	minecraft:black_bed	1	2	minecraft:black_dye*1,minecraft:white_bed|minecraft:orange_bed|minecraft:magenta_bed|minecraft:light_blue_bed|minecraft:yellow_bed|minecraft:lime_bed|minecraft:pink_bed|minecraft:gray_bed|minecraft:light_gray_bed|minecraft:cyan_bed|minecraft:purple_bed|minecraft:blue_bed|minecraft:brown_bed|minecraft:green_bed|minecraft:red_bed*1
craft	minecraft:black_bed	1	3	minecraft:black_wool*3,#minecraft:planks*3
craft	minecraft:black_candle	1	2	minecraft:candle*1,minecraft:black_dye*1
craft	minecraft:black_carpet	1	2	minecraft:black_dye*1,minecraft:white_carpet|minecraft:orange_carpet|minecraft:magenta_carpet|minecraft:light_blue_carpet|minecraft:yellow_carpet|minecraft:lime_carpet|minecraft:pink_carpet|minecraft:gray_carpet|minecraft:light_gray_carpet|minecraft:cyan_carpet|minecraft:purple_carpet|minecraft:blue_carpet|minecraft:brown_carpet|minecraft:green_carpet|minecraft:red_carpet*1
craft	minecraft:black_carpet	3	2	minecraft:black_wool*2
craft	minecraft:black_concrete_powder	8	3	minecraft:black_dye*1,minecraft:sand*4,minecraft:gravel*4
craft	minecraft:black_dye	1	2	minecraft:ink_sac*1
craft	minecraft:black_dye	1	2	minecraft:wither_rose*1
craft	minecraft:black_harness	1	2	minecraft:black_dye*1,minecraft:white_harness|minecraft:orange_harness|minecraft:magenta_harness|minecraft:light_blue_harness|minecraft:yellow_harness|minecraft:lime_harness|minecraft:pink_harness|minecraft:gray_harness|minecraft:light_gray_harness|minecraft:cyan_harness|minecraft:purple_harness|minecraft:blue_harness|minecraft:brown_harness|minecraft:green_harness|minecraft:red_harness*1
craft	minecraft:black_harness	1	3	minecraft:leather*3,minecraft:glass*2,minecraft:black_wool*1
craft	minecraft:black_stained_glass	8	3	minecraft:glass*8,minecraft:black_dye*1
craft	minecraft:black_stained_glass_pane	16	3	minecraft:black_stained_glass*6
craft	minecraft:black_stained_glass_pane	8	3	minecraft:glass_pane*8,minecraft:black_dye*1
craft	minecraft:black_terracotta	8	3	minecraft:terracotta*8,minecraft:black_dye*1
craft	minecraft:black_wool	1	2	minecraft:black_dye*1,minecraft:white_wool|minecraft:orange_wool|minecraft:magenta_wool|minecraft:light_blue_wool|minecraft:yellow_wool|minecraft:lime_wool|minecraft:pink_wool|minecraft:gray_wool|minecraft:light_gray_wool|minecraft:cyan_wool|minecraft:purple_wool|minecraft:blue_wool|minecraft:brown_wool|minecraft:green_wool|minecraft:red_wool*1
craft	minecraft:blackstone_slab	6	3	minecraft:blackstone*3
craft	minecraft:blackstone_stairs	4	3	minecraft:blackstone*6
craft	minecraft:blackstone_wall	6	3	minecraft:blackstone*6
craft	minecraft:blast_furnace	1	3	minecraft:iron_ingot*5,minecraft:furnace*1,minecraft:smooth_stone*3
craft	minecraft:blaze_powder	2	2	minecraft:blaze_rod*1
craft	minecraft:blue_banner	1	3	minecraft:blue_wool*6,minecraft:stick*1
craft	minecraft:blue_bed	1	2	minecraft:blue_dye*1,minecraft:white_bed|minecraft:orange_bed|minecraft:magenta_bed|minecraft:light_blue_bed|minecraft:yellow_bed|minecraft:lime_bed|minecraft:pink_bed|minecraft:gray_bed|minecraft:light_gray_bed|minecraft:cyan_bed|minecraft:purple_bed|minecraft:brown_bed|minecraft:green_bed|minecraft:red_bed|minecraft:black_bed*1
craft	minecraft:blue_bed	1	3	minecraft:blue_wool*3,#minecraft:planks*3
craft	minecraft:blue_candle	1	2	minecraft:candle*1,minecraft:blue_dye*1
craft	minecraft:blue_carpet	1	2	minecraft:blue_dye*1,minecraft:white_carpet|minecraft:orange_carpet|minecraft:magenta_carpet|minecraft:light_blue_carpet|minecraft:yellow_carpet|minecraft:lime_carpet|minecraft:pink_carpet|minecraft:gray_carpet|minecraft:light_gray_carpet|minecraft:cyan_carpet|minecraft:purple_carpet|minecraft:brown_carpet|minecraft:green_carpet|minecraft:red_carpet|minecraft:black_carpet*1
craft	minecraft:blue_carpet	3	2	minecraft:blue_wool*2
craft	minecraft:blue_concrete_powder	8	3	minecraft:blue_dye*1,minecraft:sand*4,minecraft:gravel*4
craft	minecraft:blue_dye	1	2	minecraft:cornflower*1
craft	minecraft:blue_dye	1	2	minecraft:lapis_lazuli*1
craft	minecraft:blue_harness	1	2	minecraft:blue_dye*1,minecraft:white_harness|minecraft:orange_harness|minecraft:magenta_harness|minecraft:light_blue_harness|minecraft:yellow_harness|minecraft:lime_harness|minecraft:pink_harness|minecraft:gray_harness|minecraft:light_gray_harness|minecraft:cyan_harness|minecraft:purple_harness|minecraft:brown_harness|minecraft:green_harness|minecraft:red_harness|minecraft:black_harness*1
craft	minecraft:blue_harness	1	3	minecraft:leather*3,minecraft:glass*2,minecraft:blue_wool*1
craft	minecraft:blue_ice	1	3	minecraft:packed_ice*9
craft	minecraft:blue_stained_glass	8	3	minecraft:glass*8,minecraft:blue_dye*1
craft	minecraft:blue_stained_glass_pane	16	3	minecraft:blue_stained_glass*6
craft	minecraft:blue_stained_glass_pane	8	3	minecraft:glass_pane*8,minecraft:blue_dye*1
craft	minecraft:blue_terracotta	8	3	minecraft:terracotta*8,minecraft:blue_dye*1
craft	minecraft:blue_wool	1	2	minecraft:blue_dye*1,minecraft:white_wool|minecraft:orange_wool|minecraft:magenta_wool|minecraft:light_blue_wool|minecraft:yellow_wool|minecraft:lime_wool|minecraft:pink_wool|minecraft:gray_wool|minecraft:light_gray_wool|minecraft:cyan_wool|minecraft:purple_wool|minecraft:brown_wool|minecraft:green_wool|minecraft:red_wool|minecraft:black_wool*1
craft	minecraft:bolt_armor_trim_smithing_template	2	3	minecraft:diamond*7,minecraft:bolt_armor_trim_smithing_template*1,minecraft:copper_block|minecraft:waxed_copper_block*1
craft	minecraft:bone_block	1	3	minecraft:bone_meal*9
craft	minecraft:bone_meal	3	2	minecraft:bone*1
craft	minecraft:bone_meal	9	2	minecraft:bone_block*1
craft	minecraft:book	1	2	minecraft:paper*3,minecraft:leather*1
craft	minecraft:bookshelf	1	3	#minecraft:planks*6,minecraft:book*3
craft	minecraft:bordure_indented_banner_pattern	1	2	minecraft:paper*1,minecraft:vine*1
craft	minecraft:bow	1	3	minecraft:stick*3,minecraft:string*3
craft	minecraft:bowl	4	3	#minecraft:planks*3
craft	minecraft:bread	1	3	minecraft:wheat*3
craft	minecraft:brewing_stand	1	3	minecraft:blaze_rod*1,#minecraft:stone_crafting_materials*3
craft	minecraft:brick_slab	6	3	minecraft:bricks*3
craft	minecraft:brick_stairs	4	3	minecraft:bricks*6
craft	minecraft:brick_wall	6	3	minecraft:bricks*6
craft	minecraft:bricks	1	2	minecraft:brick*4
craft	minecraft:brown_banner	1	3	minecraft:brown_wool*6,minecraft:stick*1
craft	minecraft:brown_bed	1	2	minecraft:brown_dye*1,minecraft:white_bed|minecraft:orange_bed|minecraft:magenta_bed|minecraft:light_blue_bed|minecraft:yellow_bed|minecraft:lime_bed|minecraft:pink_bed|minecraft:gray_bed|minecraft:light_gray_bed|minecraft:cyan_bed|minecraft:purple_bed|minecraft:blue_bed|minecraft:green_bed|minecraft:red_bed|minecraft:black_bed*1
craft	minecraft:brown_bed	1	3	minecraft:brown_wool*3,#minecraft:planks*3
craft	minecraft:brown_candle	1	2	minecraft:candle*1,minecraft:brown_dye*1
craft	minecraft:brown_carpet	1	2	minecraft:brown_dye*1,minecraft:white_carpet|minecraft:orange_carpet|minecraft:magenta_carpet|minecraft:light_blue_carpet|minecraft:yellow_carpet|minecraft:lime_carpet|minecraft:pink_carpet|minecraft:gray_carpet|minecraft:light_gray_carpet|minecraft:cyan_carpet|minecraft:purple_carpet|minecraft:blue_carpet|minecraft:green_carpet|minecraft:red_carpet|minecraft:black_carpet*1
craft	minecraft:brown_carpet	3	2	minecraft:brown_wool*2
craft	minecraft:brown_concrete_powder	8	3	minecraft:brown_dye*1,minecraft:sand*4,minecraft:gravel*4
craft	minecraft:brown_dye	1	2	minecraft:cocoa_beans*1
craft	minecraft:brown_harness	1	2	minecraft:brown_dye*1,minecraft:white_harness|minecraft:orange_harness|minecraft:magenta_harness|minecraft:light_blue_harness|minecraft:yellow_harness|minecraft:lime_harness|minecraft:pink_harness|minecraft:gray_harness|minecraft:light_gray_harness|minecraft:cyan_harness|minecraft:purple_harness|minecraft:blue_harness|minecraft:green_harness|minecraft:red_harness|minecraft:black_harness*1
craft	minecraft:brown_harness	1	3	minecraft:leather*3,minecraft:glass*2,minecraft:brown_wool*1
craft	minecraft:brown_stained_glass	8	3	minecraft:glass*8,minecraft:brown_dye*1
craft	minecraft:brown_stained_glass_pane	16	3	minecraft:brown_stained_glass*6
craft	minecraft:brown_stained_glass_pane	8	3	minecraft:glass_pane*8,minecraft:brown_dye*1
craft	minecraft:brown_terracotta	8	3	minecraft:terracotta*8,minecraft:brown_dye*1
craft	minecraft:brown_wool	1	2	minecraft:brown_dye*1,minecraft:white_wool|minecraft:orange_wool|minecraft:magenta_wool|minecraft:light_blue_wool|minecraft:yellow_wool|minecraft:lime_wool|minecraft:pink_wool|minecraft:gray_wool|minecraft:light_gray_wool|minecraft:cyan_wool|minecraft:purple_wool|minecraft:blue_wool|minecraft:green_wool|minecraft:red_wool|minecraft:black_wool*1
craft	minecraft:brush	1	3	minecraft:feather*1,minecraft:copper_ingot*1,minecraft:stick*1
craft	minecraft:bucket	1	3	minecraft:iron_ingot*3
craft	minecraft:bundle	1	2	minecraft:string*1,minecraft:leather*1
craft	minecraft:cake	1	3	minecraft:milk_bucket*3,minecraft:sugar*2,#minecraft:eggs*1,minecraft:wheat*3
craft	minecraft:calibrated_sculk_sensor	1	3	minecraft:amethyst_shard*3,minecraft:sculk_sensor*1
craft	minecraft:campfire	1	3	minecraft:stick*3,#minecraft:coals*1,#minecraft:logs*3
craft	minecraft:candle	1	2	minecraft:string*1,minecraft:honeycomb*1
craft	minecraft:carrot_on_a_stick	1	2	minecraft:fishing_rod*1,minecraft:carrot*1
craft	minecraft:cartography_table	1	3	minecraft:paper*2,#minecraft:planks*4
craft	minecraft:cauldron	1	3	minecraft:iron_ingot*7
craft	minecraft:cherry_boat	1	3	minecraft:cherry_planks*5
craft	minecraft:cherry_button	1	2	minecraft:cherry_planks*1
craft	minecraft:cherry_chest_boat	1	2	minecraft:chest*1,minecraft:cherry_boat*1
craft	minecraft:cherry_door	3	3	minecraft:cherry_planks*6
craft	minecraft:cherry_fence	3	3	minecraft:cherry_planks*4,minecraft:stick*2
craft	minecraft:cherry_fence_gate	1	3	minecraft:stick*4,minecraft:cherry_planks*2
craft	minecraft:cherry_hanging_sign	6	3	minecraft:iron_chain*2,minecraft:stripped_cherry_log*6
craft	minecraft:cherry_planks	4	2	#minecraft:cherry_logs*1
craft	minecraft:cherry_pressure_plate	1	2	minecraft:cherry_planks*2
craft	minecraft:cherry_shelf	6	3	minecraft:stripped_cherry_log*6
craft	minecraft:cherry_sign	3	3	minecraft:cherry_planks*6,minecraft:stick*1
craft	minecraft:cherry_slab	6	3	minecraft:cherry_planks*3
craft	minecraft:cherry_stairs	4	3	minecraft:cherry_planks*6
craft	minecraft:cherry_trapdoor	2	3	minecraft:cherry_planks*6
craft	minecraft:cherry_wood	3	2	minecraft:cherry_log*4
craft	minecraft:chest	1	3	#minecraft:planks*8
craft	minecraft:chest_minecart	1	2	minecraft:chest*1,minecraft:minecart*1
craft	minecraft:chiseled_bookshelf	1	3	#minecraft:planks*6,#minecraft:wooden_slabs*3
craft	minecraft:chiseled_cinnabar	1	2	minecraft:cinnabar_slab*2
craft	minecraft:chiseled_copper	1	2	minecraft:cut_copper_slab*2
craft	minecraft:chiseled_deepslate	1	2	minecraft:cobbled_deepslate_slab*2
craft	minecraft:chiseled_nether_bricks	1	2	minecraft:nether_brick_slab*2
craft	minecraft:chiseled_polished_blackstone	1	2	minecraft:polished_blackstone_slab*2
craft	minecraft:chiseled_quartz_block	1	2	minecraft:quartz_slab*2
craft	minecraft:chiseled_red_sandstone	1	2	minecraft:red_sandstone_slab*2
craft	minecraft:chiseled_resin_bricks	1	2	minecraft:resin_brick_slab*2
craft	minecraft:chiseled_sandstone	1	2	minecraft:sandstone_slab*2
craft	minecraft:chiseled_stone_bricks	1	2	minecraft:stone_brick_slab*2
craft	minecraft:chiseled_sulfur	1	2	minecraft:sulfur_slab*2
craft	minecraft:chiseled_tuff	1	2	minecraft:tuff_slab*2
craft	minecraft:chiseled_tuff_bricks	1	2	minecraft:tuff_brick_slab*2
craft	minecraft:cinnabar_brick_slab	6	3	minecraft:cinnabar_bricks*3
craft	minecraft:cinnabar_brick_stairs	4	3	minecraft:cinnabar_bricks*6
craft	minecraft:cinnabar_brick_wall	6	3	minecraft:cinnabar_bricks*6
craft	minecraft:cinnabar_bricks	4	2	minecraft:polished_cinnabar*4
craft	minecraft:cinnabar_slab	6	3	minecraft:cinnabar*3
craft	minecraft:cinnabar_stairs	4	3	minecraft:cinnabar*6
craft	minecraft:cinnabar_wall	6	3	minecraft:cinnabar*6
craft	minecraft:clay	1	2	minecraft:clay_ball*4
craft	minecraft:clock	1	3	minecraft:gold_ingot*4,minecraft:redstone*1
craft	minecraft:coal	9	2	minecraft:coal_block*1
craft	minecraft:coal_block	1	3	minecraft:coal*9
craft	minecraft:coarse_dirt	4	2	minecraft:dirt*2,minecraft:gravel*2
craft	minecraft:coast_armor_trim_smithing_template	2	3	minecraft:diamond*7,minecraft:coast_armor_trim_smithing_template*1,minecraft:cobblestone*1
craft	minecraft:cobbled_deepslate_slab	6	3	minecraft:cobbled_deepslate*3
craft	minecraft:cobbled_deepslate_stairs	4	3	minecraft:cobbled_deepslate*6
craft	minecraft:cobbled_deepslate_wall	6	3	minecraft:cobbled_deepslate*6
craft	minecraft:cobblestone_slab	6	3	minecraft:cobblestone*3
craft	minecraft:cobblestone_stairs	4	3	minecraft:cobblestone*6
craft	minecraft:cobblestone_wall	6	3	minecraft:cobblestone*6
craft	minecraft:comparator	1	3	minecraft:redstone_torch*3,minecraft:quartz*1,minecraft:stone*3
craft	minecraft:compass	1	3	minecraft:iron_ingot*4,minecraft:redstone*1
craft	minecraft:composter	1	3	#minecraft:wooden_slabs*7
craft	minecraft:conduit	1	3	minecraft:nautilus_shell*8,minecraft:heart_of_the_sea*1
craft	minecraft:cookie	8	3	minecraft:wheat*2,minecraft:cocoa_beans*1
craft	minecraft:copper_axe	1	3	#minecraft:copper_tool_materials*3,minecraft:stick*2
craft	minecraft:copper_bars	16	3	minecraft:copper_ingot*6
craft	minecraft:copper_block	1	3	minecraft:copper_ingot*9
craft	minecraft:copper_boots	1	3	minecraft:copper_ingot*4
craft	minecraft:copper_bulb	4	3	minecraft:copper_block*3,minecraft:blaze_rod*1,minecraft:redstone*1
craft	minecraft:copper_chain	1	3	minecraft:copper_nugget*2,minecraft:copper_ingot*1
craft	minecraft:copper_chest	1	3	minecraft:copper_ingot*8,minecraft:chest*1
craft	minecraft:copper_chestplate	1	3	minecraft:copper_ingot*8
craft	minecraft:copper_door	3	3	minecraft:copper_ingot*6
craft	minecraft:copper_grate	4	3	minecraft:copper_block*4
craft	minecraft:copper_helmet	1	3	minecraft:copper_ingot*5
craft	minecraft:copper_hoe	1	3	#minecraft:copper_tool_materials*2,minecraft:stick*2
craft	minecraft:copper_ingot	1	3	minecraft:copper_nugget*9
craft	minecraft:copper_ingot	9	2	minecraft:copper_block*1
craft	minecraft:copper_ingot	9	2	minecraft:waxed_copper_block*1
craft	minecraft:copper_lantern	1	3	minecraft:copper_nugget*8,minecraft:copper_torch*1
craft	minecraft:copper_leggings	1	3	minecraft:copper_ingot*7
craft	minecraft:copper_nugget	9	2	minecraft:copper_ingot*1
craft	minecraft:copper_pickaxe	1	3	#minecraft:copper_tool_materials*3,minecraft:stick*2
craft	minecraft:copper_shovel	1	3	#minecraft:copper_tool_materials*1,minecraft:stick*2
craft	minecraft:copper_spear	1	3	#minecraft:copper_tool_materials*1,minecraft:stick*2
craft	minecraft:copper_sword	1	3	#minecraft:copper_tool_materials*2,minecraft:stick*1
craft	minecraft:copper_torch	4	3	minecraft:copper_nugget*1,minecraft:coal|minecraft:charcoal*1,minecraft:stick*1
craft	minecraft:copper_trapdoor	1	2	minecraft:copper_ingot*4
craft	minecraft:crafter	1	3	minecraft:iron_ingot*5,minecraft:crafting_table*1,minecraft:redstone*2,minecraft:dropper*1
craft	minecraft:crafting_table	1	2	#minecraft:planks*4
craft	minecraft:creaking_heart	1	3	minecraft:pale_oak_log*2,minecraft:resin_block*1
craft	minecraft:creeper_banner_pattern	1	2	minecraft:paper*1,minecraft:creeper_head*1
craft	minecraft:crimson_button	1	2	minecraft:crimson_planks*1
craft	minecraft:crimson_door	3	3	minecraft:crimson_planks*6
craft	minecraft:crimson_fence	3	3	minecraft:crimson_planks*4,minecraft:stick*2
craft	minecraft:crimson_fence_gate	1	3	minecraft:stick*4,minecraft:crimson_planks*2
craft	minecraft:crimson_hanging_sign	6	3	minecraft:iron_chain*2,minecraft:stripped_crimson_stem*6
craft	minecraft:crimson_hyphae	3	2	minecraft:crimson_stem*4
craft	minecraft:crimson_planks	4	2	#minecraft:crimson_stems*1
craft	minecraft:crimson_pressure_plate	1	2	minecraft:crimson_planks*2
craft	minecraft:crimson_shelf	6	3	minecraft:stripped_crimson_stem*6
craft	minecraft:crimson_sign	3	3	minecraft:crimson_planks*6,minecraft:stick*1
craft	minecraft:crimson_slab	6	3	minecraft:crimson_planks*3
craft	minecraft:crimson_stairs	4	3	minecraft:crimson_planks*6
craft	minecraft:crimson_trapdoor	2	3	minecraft:crimson_planks*6
craft	minecraft:crossbow	1	3	minecraft:stick*3,minecraft:iron_ingot*1,minecraft:string*2,minecraft:tripwire_hook*1
craft	minecraft:cut_copper	4	2	minecraft:copper_block*4
craft	minecraft:cut_copper_slab	6	3	minecraft:cut_copper*3
craft	minecraft:cut_copper_stairs	4	3	minecraft:cut_copper*6
craft	minecraft:cut_red_sandstone	4	2	minecraft:red_sandstone*4
craft	minecraft:cut_red_sandstone_slab	6	3	minecraft:cut_red_sandstone*3
craft	minecraft:cut_sandstone	4	2	minecraft:sandstone*4
craft	minecraft:cut_sandstone_slab	6	3	minecraft:cut_sandstone*3
craft	minecraft:cyan_banner	1	3	minecraft:cyan_wool*6,minecraft:stick*1
craft	minecraft:cyan_bed	1	2	minecraft:cyan_dye*1,minecraft:white_bed|minecraft:orange_bed|minecraft:magenta_bed|minecraft:light_blue_bed|minecraft:yellow_bed|minecraft:lime_bed|minecraft:pink_bed|minecraft:gray_bed|minecraft:light_gray_bed|minecraft:purple_bed|minecraft:blue_bed|minecraft:brown_bed|minecraft:green_bed|minecraft:red_bed|minecraft:black_bed*1
craft	minecraft:cyan_bed	1	3	minecraft:cyan_wool*3,#minecraft:planks*3
craft	minecraft:cyan_candle	1	2	minecraft:candle*1,minecraft:cyan_dye*1
craft	minecraft:cyan_carpet	1	2	minecraft:cyan_dye*1,minecraft:white_carpet|minecraft:orange_carpet|minecraft:magenta_carpet|minecraft:light_blue_carpet|minecraft:yellow_carpet|minecraft:lime_carpet|minecraft:pink_carpet|minecraft:gray_carpet|minecraft:light_gray_carpet|minecraft:purple_carpet|minecraft:blue_carpet|minecraft:brown_carpet|minecraft:green_carpet|minecraft:red_carpet|minecraft:black_carpet*1
craft	minecraft:cyan_carpet	3	2	minecraft:cyan_wool*2
craft	minecraft:cyan_concrete_powder	8	3	minecraft:cyan_dye*1,minecraft:sand*4,minecraft:gravel*4
craft	minecraft:cyan_dye	2	2	minecraft:blue_dye*1,minecraft:green_dye*1
craft	minecraft:cyan_dye	2	2	minecraft:pitcher_plant*1
craft	minecraft:cyan_harness	1	2	minecraft:cyan_dye*1,minecraft:white_harness|minecraft:orange_harness|minecraft:magenta_harness|minecraft:light_blue_harness|minecraft:yellow_harness|minecraft:lime_harness|minecraft:pink_harness|minecraft:gray_harness|minecraft:light_gray_harness|minecraft:purple_harness|minecraft:blue_harness|minecraft:brown_harness|minecraft:green_harness|minecraft:red_harness|minecraft:black_harness*1
craft	minecraft:cyan_harness	1	3	minecraft:leather*3,minecraft:glass*2,minecraft:cyan_wool*1
craft	minecraft:cyan_stained_glass	8	3	minecraft:glass*8,minecraft:cyan_dye*1
craft	minecraft:cyan_stained_glass_pane	16	3	minecraft:cyan_stained_glass*6
craft	minecraft:cyan_stained_glass_pane	8	3	minecraft:glass_pane*8,minecraft:cyan_dye*1
craft	minecraft:cyan_terracotta	8	3	minecraft:terracotta*8,minecraft:cyan_dye*1
craft	minecraft:cyan_wool	1	2	minecraft:cyan_dye*1,minecraft:white_wool|minecraft:orange_wool|minecraft:magenta_wool|minecraft:light_blue_wool|minecraft:yellow_wool|minecraft:lime_wool|minecraft:pink_wool|minecraft:gray_wool|minecraft:light_gray_wool|minecraft:purple_wool|minecraft:blue_wool|minecraft:brown_wool|minecraft:green_wool|minecraft:red_wool|minecraft:black_wool*1
craft	minecraft:dark_oak_boat	1	3	minecraft:dark_oak_planks*5
craft	minecraft:dark_oak_button	1	2	minecraft:dark_oak_planks*1
craft	minecraft:dark_oak_chest_boat	1	2	minecraft:chest*1,minecraft:dark_oak_boat*1
craft	minecraft:dark_oak_door	3	3	minecraft:dark_oak_planks*6
craft	minecraft:dark_oak_fence	3	3	minecraft:dark_oak_planks*4,minecraft:stick*2
craft	minecraft:dark_oak_fence_gate	1	3	minecraft:stick*4,minecraft:dark_oak_planks*2
craft	minecraft:dark_oak_hanging_sign	6	3	minecraft:iron_chain*2,minecraft:stripped_dark_oak_log*6
craft	minecraft:dark_oak_planks	4	2	#minecraft:dark_oak_logs*1
craft	minecraft:dark_oak_pressure_plate	1	2	minecraft:dark_oak_planks*2
craft	minecraft:dark_oak_shelf	6	3	minecraft:stripped_dark_oak_log*6
craft	minecraft:dark_oak_sign	3	3	minecraft:dark_oak_planks*6,minecraft:stick*1
craft	minecraft:dark_oak_slab	6	3	minecraft:dark_oak_planks*3
craft	minecraft:dark_oak_stairs	4	3	minecraft:dark_oak_planks*6
craft	minecraft:dark_oak_trapdoor	2	3	minecraft:dark_oak_planks*6
craft	minecraft:dark_oak_wood	3	2	minecraft:dark_oak_log*4
craft	minecraft:dark_prismarine	1	3	minecraft:prismarine_shard*8,minecraft:black_dye*1
craft	minecraft:dark_prismarine_slab	6	3	minecraft:dark_prismarine*3
craft	minecraft:dark_prismarine_stairs	4	3	minecraft:dark_prismarine*6
craft	minecraft:daylight_detector	1	3	minecraft:glass*3,minecraft:quartz*3,#minecraft:wooden_slabs*3
craft	minecraft:decorated_pot	1	3	minecraft:brick*4
craft	minecraft:deepslate_brick_slab	6	3	minecraft:deepslate_bricks*3
craft	minecraft:deepslate_brick_stairs	4	3	minecraft:deepslate_bricks*6
craft	minecraft:deepslate_brick_wall	6	3	minecraft:deepslate_bricks*6
craft	minecraft:deepslate_bricks	4	2	minecraft:polished_deepslate*4
craft	minecraft:deepslate_tile_slab	6	3	minecraft:deepslate_tiles*3
craft	minecraft:deepslate_tile_stairs	4	3	minecraft:deepslate_tiles*6
craft	minecraft:deepslate_tile_wall	6	3	minecraft:deepslate_tiles*6
craft	minecraft:deepslate_tiles	4	2	minecraft:deepslate_bricks*4
craft	minecraft:detector_rail	6	3	minecraft:iron_ingot*6,minecraft:stone_pressure_plate*1,minecraft:redstone*1
craft	minecraft:diamond	9	2	minecraft:diamond_block*1
craft	minecraft:diamond_axe	1	3	#minecraft:diamond_tool_materials*3,minecraft:stick*2
craft	minecraft:diamond_block	1	3	minecraft:diamond*9
craft	minecraft:diamond_boots	1	3	minecraft:diamond*4
craft	minecraft:diamond_chestplate	1	3	minecraft:diamond*8
craft	minecraft:diamond_helmet	1	3	minecraft:diamond*5
craft	minecraft:diamond_hoe	1	3	#minecraft:diamond_tool_materials*2,minecraft:stick*2
craft	minecraft:diamond_leggings	1	3	minecraft:diamond*7
craft	minecraft:diamond_pickaxe	1	3	#minecraft:diamond_tool_materials*3,minecraft:stick*2
craft	minecraft:diamond_shovel	1	3	#minecraft:diamond_tool_materials*1,minecraft:stick*2
craft	minecraft:diamond_spear	1	3	#minecraft:diamond_tool_materials*1,minecraft:stick*2
craft	minecraft:diamond_sword	1	3	#minecraft:diamond_tool_materials*2,minecraft:stick*1
craft	minecraft:diorite	2	2	minecraft:cobblestone*2,minecraft:quartz*2
craft	minecraft:diorite_slab	6	3	minecraft:diorite*3
craft	minecraft:diorite_stairs	4	3	minecraft:diorite*6
craft	minecraft:diorite_wall	6	3	minecraft:diorite*6
craft	minecraft:dispenser	1	3	minecraft:cobblestone*7,minecraft:bow*1,minecraft:redstone*1
craft	minecraft:dried_ghast	1	3	minecraft:ghast_tear*8,minecraft:soul_sand*1
craft	minecraft:dried_kelp	9	2	minecraft:dried_kelp_block*1
craft	minecraft:dried_kelp_block	1	3	minecraft:dried_kelp*9
craft	minecraft:dripstone_block	1	2	minecraft:pointed_dripstone*4
craft	minecraft:dropper	1	3	minecraft:cobblestone*7,minecraft:redstone*1
craft	minecraft:dune_armor_trim_smithing_template	2	3	minecraft:diamond*7,minecraft:dune_armor_trim_smithing_template*1,minecraft:sandstone*1
craft	minecraft:emerald	9	2	minecraft:emerald_block*1
craft	minecraft:emerald_block	1	3	minecraft:emerald*9
craft	minecraft:enchanting_table	1	3	minecraft:book*1,minecraft:diamond*2,minecraft:obsidian*4
craft	minecraft:end_crystal	1	3	minecraft:glass*7,minecraft:ender_eye*1,minecraft:ghast_tear*1
craft	minecraft:end_rod	4	2	minecraft:blaze_rod*1,minecraft:popped_chorus_fruit*1
craft	minecraft:end_stone_brick_slab	6	3	minecraft:end_stone_bricks*3
craft	minecraft:end_stone_brick_stairs	4	3	minecraft:end_stone_bricks*6
craft	minecraft:end_stone_brick_wall	6	3	minecraft:end_stone_bricks*6
craft	minecraft:end_stone_bricks	4	2	minecraft:end_stone*4
craft	minecraft:ender_chest	1	3	minecraft:obsidian*8,minecraft:ender_eye*1
craft	minecraft:ender_eye	1	2	minecraft:ender_pearl*1,minecraft:blaze_powder*1
craft	minecraft:exposed_chiseled_copper	1	2	minecraft:exposed_cut_copper_slab*2
craft	minecraft:exposed_copper_bulb	4	3	minecraft:exposed_copper*3,minecraft:blaze_rod*1,minecraft:redstone*1
craft	minecraft:exposed_copper_grate	4	3	minecraft:exposed_copper*4
craft	minecraft:exposed_cut_copper	4	2	minecraft:exposed_copper*4
craft	minecraft:exposed_cut_copper_slab	6	3	minecraft:exposed_cut_copper*3
craft	minecraft:exposed_cut_copper_stairs	4	3	minecraft:exposed_cut_copper*6
craft	minecraft:eye_armor_trim_smithing_template	2	3	minecraft:diamond*7,minecraft:eye_armor_trim_smithing_template*1,minecraft:end_stone*1
craft	minecraft:fermented_spider_eye	1	2	minecraft:spider_eye*1,minecraft:brown_mushroom*1,minecraft:sugar*1
craft	minecraft:field_masoned_banner_pattern	1	2	minecraft:paper*1,minecraft:bricks*1
craft	minecraft:fire_charge	3	2	minecraft:gunpowder*1,minecraft:blaze_powder*1,minecraft:coal|minecraft:charcoal*1
craft	minecraft:firework_rocket	3	2	minecraft:gunpowder*1,minecraft:paper*1
craft	minecraft:fishing_rod	1	3	minecraft:stick*3,minecraft:string*2
craft	minecraft:fletching_table	1	3	minecraft:flint*2,#minecraft:planks*4
craft	minecraft:flint_and_steel	1	2	minecraft:iron_ingot*1,minecraft:flint*1
craft	minecraft:flow_armor_trim_smithing_template	2	3	minecraft:diamond*7,minecraft:flow_armor_trim_smithing_template*1,minecraft:breeze_rod*1
craft	minecraft:flower_banner_pattern	1	2	minecraft:paper*1,minecraft:oxeye_daisy*1
craft	minecraft:flower_pot	1	3	minecraft:brick*3
craft	minecraft:furnace	1	3	#minecraft:stone_crafting_materials*8
craft	minecraft:furnace_minecart	1	2	minecraft:furnace*1,minecraft:minecart*1
craft	minecraft:glass_bottle	3	3	minecraft:glass*3
craft	minecraft:glass_pane	16	3	minecraft:glass*6
craft	minecraft:glistering_melon_slice	1	3	minecraft:gold_nugget*8,minecraft:melon_slice*1
craft	minecraft:glow_item_frame	1	2	minecraft:item_frame*1,minecraft:glow_ink_sac*1
craft	minecraft:glowstone	1	2	minecraft:glowstone_dust*4
craft	minecraft:gold_block	1	3	minecraft:gold_ingot*9
craft	minecraft:gold_ingot	1	3	minecraft:gold_nugget*9
craft	minecraft:gold_ingot	9	2	minecraft:gold_block*1
craft	minecraft:gold_nugget	9	2	minecraft:gold_ingot*1
craft	minecraft:golden_apple	1	3	minecraft:gold_ingot*8,minecraft:apple*1
craft	minecraft:golden_axe	1	3	#minecraft:gold_tool_materials*3,minecraft:stick*2
craft	minecraft:golden_boots	1	3	minecraft:gold_ingot*4
craft	minecraft:golden_carrot	1	3	minecraft:gold_nugget*8,minecraft:carrot*1
craft	minecraft:golden_chestplate	1	3	minecraft:gold_ingot*8
craft	minecraft:golden_dandelion	1	3	minecraft:gold_nugget*8,minecraft:dandelion*1
craft	minecraft:golden_helmet	1	3	minecraft:gold_ingot*5
craft	minecraft:golden_hoe	1	3	#minecraft:gold_tool_materials*2,minecraft:stick*2
craft	minecraft:golden_leggings	1	3	minecraft:gold_ingot*7
craft	minecraft:golden_pickaxe	1	3	#minecraft:gold_tool_materials*3,minecraft:stick*2
craft	minecraft:golden_shovel	1	3	#minecraft:gold_tool_materials*1,minecraft:stick*2
craft	minecraft:golden_spear	1	3	#minecraft:gold_tool_materials*1,minecraft:stick*2
craft	minecraft:golden_sword	1	3	#minecraft:gold_tool_materials*2,minecraft:stick*1
craft	minecraft:granite	1	2	minecraft:diorite*1,minecraft:quartz*1
craft	minecraft:granite_slab	6	3	minecraft:granite*3
craft	minecraft:granite_stairs	4	3	minecraft:granite*6
craft	minecraft:granite_wall	6	3	minecraft:granite*6
craft	minecraft:gray_banner	1	3	minecraft:gray_wool*6,minecraft:stick*1
craft	minecraft:gray_bed	1	2	minecraft:gray_dye*1,minecraft:white_bed|minecraft:orange_bed|minecraft:magenta_bed|minecraft:light_blue_bed|minecraft:yellow_bed|minecraft:lime_bed|minecraft:pink_bed|minecraft:light_gray_bed|minecraft:cyan_bed|minecraft:purple_bed|minecraft:blue_bed|minecraft:brown_bed|minecraft:green_bed|minecraft:red_bed|minecraft:black_bed*1
craft	minecraft:gray_bed	1	3	minecraft:gray_wool*3,#minecraft:planks*3
craft	minecraft:gray_candle	1	2	minecraft:candle*1,minecraft:gray_dye*1
craft	minecraft:gray_carpet	1	2	minecraft:gray_dye*1,minecraft:white_carpet|minecraft:orange_carpet|minecraft:magenta_carpet|minecraft:light_blue_carpet|minecraft:yellow_carpet|minecraft:lime_carpet|minecraft:pink_carpet|minecraft:light_gray_carpet|minecraft:cyan_carpet|minecraft:purple_carpet|minecraft:blue_carpet|minecraft:brown_carpet|minecraft:green_carpet|minecraft:red_carpet|minecraft:black_carpet*1
craft	minecraft:gray_carpet	3	2	minecraft:gray_wool*2
craft	minecraft:gray_concrete_powder	8	3	minecraft:gray_dye*1,minecraft:sand*4,minecraft:gravel*4
craft	minecraft:gray_dye	1	2	minecraft:closed_eyeblossom*1
craft	minecraft:gray_dye	2	2	minecraft:black_dye*1,minecraft:white_dye*1
craft	minecraft:gray_harness	1	2	minecraft:gray_dye*1,minecraft:white_harness|minecraft:orange_harness|minecraft:magenta_harness|minecraft:light_blue_harness|minecraft:yellow_harness|minecraft:lime_harness|minecraft:pink_harness|minecraft:light_gray_harness|minecraft:cyan_harness|minecraft:purple_harness|minecraft:blue_harness|minecraft:brown_harness|minecraft:green_harness|minecraft:red_harness|minecraft:black_harness*1
craft	minecraft:gray_harness	1	3	minecraft:leather*3,minecraft:glass*2,minecraft:gray_wool*1
craft	minecraft:gray_stained_glass	8	3	minecraft:glass*8,minecraft:gray_dye*1
craft	minecraft:gray_stained_glass_pane	16	3	minecraft:gray_stained_glass*6
craft	minecraft:gray_stained_glass_pane	8	3	minecraft:glass_pane*8,minecraft:gray_dye*1
craft	minecraft:gray_terracotta	8	3	minecraft:terracotta*8,minecraft:gray_dye*1
craft	minecraft:gray_wool	1	2	minecraft:gray_dye*1,minecraft:white_wool|minecraft:orange_wool|minecraft:magenta_wool|minecraft:light_blue_wool|minecraft:yellow_wool|minecraft:lime_wool|minecraft:pink_wool|minecraft:light_gray_wool|minecraft:cyan_wool|minecraft:purple_wool|minecraft:blue_wool|minecraft:brown_wool|minecraft:green_wool|minecraft:red_wool|minecraft:black_wool*1
craft	minecraft:green_banner	1	3	minecraft:green_wool*6,minecraft:stick*1
craft	minecraft:green_bed	1	2	minecraft:green_dye*1,minecraft:white_bed|minecraft:orange_bed|minecraft:magenta_bed|minecraft:light_blue_bed|minecraft:yellow_bed|minecraft:lime_bed|minecraft:pink_bed|minecraft:gray_bed|minecraft:light_gray_bed|minecraft:cyan_bed|minecraft:purple_bed|minecraft:blue_bed|minecraft:brown_bed|minecraft:red_bed|minecraft:black_bed*1
craft	minecraft:green_bed	1	3	minecraft:green_wool*3,#minecraft:planks*3
craft	minecraft:green_candle	1	2	minecraft:candle*1,minecraft:green_dye*1
craft	minecraft:green_carpet	1	2	minecraft:green_dye*1,minecraft:white_carpet|minecraft:orange_carpet|minecraft:magenta_carpet|minecraft:light_blue_carpet|minecraft:yellow_carpet|minecraft:lime_carpet|minecraft:pink_carpet|minecraft:gray_carpet|minecraft:light_gray_carpet|minecraft:cyan_carpet|minecraft:purple_carpet|minecraft:blue_carpet|minecraft:brown_carpet|minecraft:red_carpet|minecraft:black_carpet*1
craft	minecraft:green_carpet	3	2	minecraft:green_wool*2
craft	minecraft:green_concrete_powder	8	3	minecraft:green_dye*1,minecraft:sand*4,minecraft:gravel*4
craft	minecraft:green_harness	1	2	minecraft:green_dye*1,minecraft:white_harness|minecraft:orange_harness|minecraft:magenta_harness|minecraft:light_blue_harness|minecraft:yellow_harness|minecraft:lime_harness|minecraft:pink_harness|minecraft:gray_harness|minecraft:light_gray_harness|minecraft:cyan_harness|minecraft:purple_harness|minecraft:blue_harness|minecraft:brown_harness|minecraft:red_harness|minecraft:black_harness*1
craft	minecraft:green_harness	1	3	minecraft:leather*3,minecraft:glass*2,minecraft:green_wool*1
craft	minecraft:green_stained_glass	8	3	minecraft:glass*8,minecraft:green_dye*1
craft	minecraft:green_stained_glass_pane	16	3	minecraft:green_stained_glass*6
craft	minecraft:green_stained_glass_pane	8	3	minecraft:glass_pane*8,minecraft:green_dye*1
craft	minecraft:green_terracotta	8	3	minecraft:terracotta*8,minecraft:green_dye*1
craft	minecraft:green_wool	1	2	minecraft:green_dye*1,minecraft:white_wool|minecraft:orange_wool|minecraft:magenta_wool|minecraft:light_blue_wool|minecraft:yellow_wool|minecraft:lime_wool|minecraft:pink_wool|minecraft:gray_wool|minecraft:light_gray_wool|minecraft:cyan_wool|minecraft:purple_wool|minecraft:blue_wool|minecraft:brown_wool|minecraft:red_wool|minecraft:black_wool*1
craft	minecraft:grindstone	1	3	minecraft:stick*2,minecraft:stone_slab*1,#minecraft:planks*2
craft	minecraft:hay_block	1	3	minecraft:wheat*9
craft	minecraft:heavy_weighted_pressure_plate	1	2	minecraft:iron_ingot*2
craft	minecraft:honey_block	1	2	minecraft:honey_bottle*4
craft	minecraft:honey_bottle	4	3	minecraft:honey_block*1,minecraft:glass_bottle*4
craft	minecraft:honeycomb_block	1	2	minecraft:honeycomb*4
craft	minecraft:hopper	1	3	minecraft:iron_ingot*5,minecraft:chest*1
craft	minecraft:hopper_minecart	1	2	minecraft:hopper*1,minecraft:minecart*1
craft	minecraft:host_armor_trim_smithing_template	2	3	minecraft:diamond*7,minecraft:host_armor_trim_smithing_template*1,minecraft:terracotta*1
craft	minecraft:iron_axe	1	3	#minecraft:iron_tool_materials*3,minecraft:stick*2
craft	minecraft:iron_bars	16	3	minecraft:iron_ingot*6
craft	minecraft:iron_block	1	3	minecraft:iron_ingot*9
craft	minecraft:iron_boots	1	3	minecraft:iron_ingot*4
craft	minecraft:iron_chain	1	3	minecraft:iron_nugget*2,minecraft:iron_ingot*1
craft	minecraft:iron_chestplate	1	3	minecraft:iron_ingot*8
craft	minecraft:iron_door	3	3	minecraft:iron_ingot*6
craft	minecraft:iron_helmet	1	3	minecraft:iron_ingot*5
craft	minecraft:iron_hoe	1	3	#minecraft:iron_tool_materials*2,minecraft:stick*2
craft	minecraft:iron_ingot	1	3	minecraft:iron_nugget*9
craft	minecraft:iron_ingot	9	2	minecraft:iron_block*1
craft	minecraft:iron_leggings	1	3	minecraft:iron_ingot*7
craft	minecraft:iron_nugget	9	2	minecraft:iron_ingot*1
craft	minecraft:iron_pickaxe	1	3	#minecraft:iron_tool_materials*3,minecraft:stick*2
craft	minecraft:iron_shovel	1	3	#minecraft:iron_tool_materials*1,minecraft:stick*2
craft	minecraft:iron_spear	1	3	#minecraft:iron_tool_materials*1,minecraft:stick*2
craft	minecraft:iron_sword	1	3	#minecraft:iron_tool_materials*2,minecraft:stick*1
craft	minecraft:iron_trapdoor	1	2	minecraft:iron_ingot*4
craft	minecraft:item_frame	1	3	minecraft:stick*8,minecraft:leather*1
craft	minecraft:jack_o_lantern	1	2	minecraft:carved_pumpkin*1,minecraft:torch*1
craft	minecraft:jukebox	1	3	#minecraft:planks*8,minecraft:diamond*1
craft	minecraft:jungle_boat	1	3	minecraft:jungle_planks*5
craft	minecraft:jungle_button	1	2	minecraft:jungle_planks*1
craft	minecraft:jungle_chest_boat	1	2	minecraft:chest*1,minecraft:jungle_boat*1
craft	minecraft:jungle_door	3	3	minecraft:jungle_planks*6
craft	minecraft:jungle_fence	3	3	minecraft:jungle_planks*4,minecraft:stick*2
craft	minecraft:jungle_fence_gate	1	3	minecraft:stick*4,minecraft:jungle_planks*2
craft	minecraft:jungle_hanging_sign	6	3	minecraft:iron_chain*2,minecraft:stripped_jungle_log*6
craft	minecraft:jungle_planks	4	2	#minecraft:jungle_logs*1
craft	minecraft:jungle_pressure_plate	1	2	minecraft:jungle_planks*2
craft	minecraft:jungle_shelf	6	3	minecraft:stripped_jungle_log*6
craft	minecraft:jungle_sign	3	3	minecraft:jungle_planks*6,minecraft:stick*1
craft	minecraft:jungle_slab	6	3	minecraft:jungle_planks*3
craft	minecraft:jungle_stairs	4	3	minecraft:jungle_planks*6
craft	minecraft:jungle_trapdoor	2	3	minecraft:jungle_planks*6
craft	minecraft:jungle_wood	3	2	minecraft:jungle_log*4
craft	minecraft:ladder	3	3	minecraft:stick*7
craft	minecraft:lantern	1	3	minecraft:iron_nugget*8,minecraft:torch*1
craft	minecraft:lapis_block	1	3	minecraft:lapis_lazuli*9
craft	minecraft:lapis_lazuli	9	2	minecraft:lapis_block*1
craft	minecraft:lead	2	3	minecraft:string*5
craft	minecraft:leather	1	2	minecraft:rabbit_hide*4
craft	minecraft:leather_boots	1	3	minecraft:leather*4
craft	minecraft:leather_chestplate	1	3	minecraft:leather*8
craft	minecraft:leather_helmet	1	3	minecraft:leather*5
craft	minecraft:leather_horse_armor	1	3	minecraft:leather*7
craft	minecraft:leather_leggings	1	3	minecraft:leather*7
craft	minecraft:lectern	1	3	#minecraft:wooden_slabs*4,minecraft:bookshelf*1
craft	minecraft:lever	1	2	minecraft:stick*1,minecraft:cobblestone*1
craft	minecraft:light_blue_banner	1	3	minecraft:light_blue_wool*6,minecraft:stick*1
craft	minecraft:light_blue_bed	1	2	minecraft:light_blue_dye*1,minecraft:white_bed|minecraft:orange_bed|minecraft:magenta_bed|minecraft:yellow_bed|minecraft:lime_bed|minecraft:pink_bed|minecraft:gray_bed|minecraft:light_gray_bed|minecraft:cyan_bed|minecraft:purple_bed|minecraft:blue_bed|minecraft:brown_bed|minecraft:green_bed|minecraft:red_bed|minecraft:black_bed*1
craft	minecraft:light_blue_bed	1	3	minecraft:light_blue_wool*3,#minecraft:planks*3
craft	minecraft:light_blue_candle	1	2	minecraft:candle*1,minecraft:light_blue_dye*1
craft	minecraft:light_blue_carpet	1	2	minecraft:light_blue_dye*1,minecraft:white_carpet|minecraft:orange_carpet|minecraft:magenta_carpet|minecraft:yellow_carpet|minecraft:lime_carpet|minecraft:pink_carpet|minecraft:gray_carpet|minecraft:light_gray_carpet|minecraft:cyan_carpet|minecraft:purple_carpet|minecraft:blue_carpet|minecraft:brown_carpet|minecraft:green_carpet|minecraft:red_carpet|minecraft:black_carpet*1
craft	minecraft:light_blue_carpet	3	2	minecraft:light_blue_wool*2
craft	minecraft:light_blue_concrete_powder	8	3	minecraft:light_blue_dye*1,minecraft:sand*4,minecraft:gravel*4
craft	minecraft:light_blue_dye	1	2	minecraft:blue_orchid*1
craft	minecraft:light_blue_dye	2	2	minecraft:blue_dye*1,minecraft:white_dye*1
craft	minecraft:light_blue_harness	1	2	minecraft:light_blue_dye*1,minecraft:white_harness|minecraft:orange_harness|minecraft:magenta_harness|minecraft:yellow_harness|minecraft:lime_harness|minecraft:pink_harness|minecraft:gray_harness|minecraft:light_gray_harness|minecraft:cyan_harness|minecraft:purple_harness|minecraft:blue_harness|minecraft:brown_harness|minecraft:green_harness|minecraft:red_harness|minecraft:black_harness*1
craft	minecraft:light_blue_harness	1	3	minecraft:leather*3,minecraft:glass*2,minecraft:light_blue_wool*1
craft	minecraft:light_blue_stained_glass	8	3	minecraft:glass*8,minecraft:light_blue_dye*1
craft	minecraft:light_blue_stained_glass_pane	16	3	minecraft:light_blue_stained_glass*6
craft	minecraft:light_blue_stained_glass_pane	8	3	minecraft:glass_pane*8,minecraft:light_blue_dye*1
craft	minecraft:light_blue_terracotta	8	3	minecraft:terracotta*8,minecraft:light_blue_dye*1
craft	minecraft:light_blue_wool	1	2	minecraft:light_blue_dye*1,minecraft:white_wool|minecraft:orange_wool|minecraft:magenta_wool|minecraft:yellow_wool|minecraft:lime_wool|minecraft:pink_wool|minecraft:gray_wool|minecraft:light_gray_wool|minecraft:cyan_wool|minecraft:purple_wool|minecraft:blue_wool|minecraft:brown_wool|minecraft:green_wool|minecraft:red_wool|minecraft:black_wool*1
craft	minecraft:light_gray_banner	1	3	minecraft:light_gray_wool*6,minecraft:stick*1
craft	minecraft:light_gray_bed	1	2	minecraft:light_gray_dye*1,minecraft:white_bed|minecraft:orange_bed|minecraft:magenta_bed|minecraft:light_blue_bed|minecraft:yellow_bed|minecraft:lime_bed|minecraft:pink_bed|minecraft:gray_bed|minecraft:cyan_bed|minecraft:purple_bed|minecraft:blue_bed|minecraft:brown_bed|minecraft:green_bed|minecraft:red_bed|minecraft:black_bed*1
craft	minecraft:light_gray_bed	1	3	minecraft:light_gray_wool*3,#minecraft:planks*3
craft	minecraft:light_gray_candle	1	2	minecraft:candle*1,minecraft:light_gray_dye*1
craft	minecraft:light_gray_carpet	1	2	minecraft:light_gray_dye*1,minecraft:white_carpet|minecraft:orange_carpet|minecraft:magenta_carpet|minecraft:light_blue_carpet|minecraft:yellow_carpet|minecraft:lime_carpet|minecraft:pink_carpet|minecraft:gray_carpet|minecraft:cyan_carpet|minecraft:purple_carpet|minecraft:blue_carpet|minecraft:brown_carpet|minecraft:green_carpet|minecraft:red_carpet|minecraft:black_carpet*1
craft	minecraft:light_gray_carpet	3	2	minecraft:light_gray_wool*2
craft	minecraft:light_gray_concrete_powder	8	3	minecraft:light_gray_dye*1,minecraft:sand*4,minecraft:gravel*4
craft	minecraft:light_gray_dye	1	2	minecraft:azure_bluet*1
craft	minecraft:light_gray_dye	1	2	minecraft:oxeye_daisy*1
craft	minecraft:light_gray_dye	1	2	minecraft:white_tulip*1
craft	minecraft:light_gray_dye	2	2	minecraft:gray_dye*1,minecraft:white_dye*1
craft	minecraft:light_gray_dye	3	2	minecraft:black_dye*1,minecraft:white_dye*2
craft	minecraft:light_gray_harness	1	2	minecraft:light_gray_dye*1,minecraft:white_harness|minecraft:orange_harness|minecraft:magenta_harness|minecraft:light_blue_harness|minecraft:yellow_harness|minecraft:lime_harness|minecraft:pink_harness|minecraft:gray_harness|minecraft:cyan_harness|minecraft:purple_harness|minecraft:blue_harness|minecraft:brown_harness|minecraft:green_harness|minecraft:red_harness|minecraft:black_harness*1
craft	minecraft:light_gray_harness	1	3	minecraft:leather*3,minecraft:glass*2,minecraft:light_gray_wool*1
craft	minecraft:light_gray_stained_glass	8	3	minecraft:glass*8,minecraft:light_gray_dye*1
craft	minecraft:light_gray_stained_glass_pane	16	3	minecraft:light_gray_stained_glass*6
craft	minecraft:light_gray_stained_glass_pane	8	3	minecraft:glass_pane*8,minecraft:light_gray_dye*1
craft	minecraft:light_gray_terracotta	8	3	minecraft:terracotta*8,minecraft:light_gray_dye*1
craft	minecraft:light_gray_wool	1	2	minecraft:light_gray_dye*1,minecraft:white_wool|minecraft:orange_wool|minecraft:magenta_wool|minecraft:light_blue_wool|minecraft:yellow_wool|minecraft:lime_wool|minecraft:pink_wool|minecraft:gray_wool|minecraft:cyan_wool|minecraft:purple_wool|minecraft:blue_wool|minecraft:brown_wool|minecraft:green_wool|minecraft:red_wool|minecraft:black_wool*1
craft	minecraft:light_weighted_pressure_plate	1	2	minecraft:gold_ingot*2
craft	minecraft:lightning_rod	1	3	minecraft:copper_ingot*3
craft	minecraft:lime_banner	1	3	minecraft:lime_wool*6,minecraft:stick*1
craft	minecraft:lime_bed	1	2	minecraft:lime_dye*1,minecraft:white_bed|minecraft:orange_bed|minecraft:magenta_bed|minecraft:light_blue_bed|minecraft:yellow_bed|minecraft:pink_bed|minecraft:gray_bed|minecraft:light_gray_bed|minecraft:cyan_bed|minecraft:purple_bed|minecraft:blue_bed|minecraft:brown_bed|minecraft:green_bed|minecraft:red_bed|minecraft:black_bed*1
craft	minecraft:lime_bed	1	3	minecraft:lime_wool*3,#minecraft:planks*3
craft	minecraft:lime_candle	1	2	minecraft:candle*1,minecraft:lime_dye*1
craft	minecraft:lime_carpet	1	2	minecraft:lime_dye*1,minecraft:white_carpet|minecraft:orange_carpet|minecraft:magenta_carpet|minecraft:light_blue_carpet|minecraft:yellow_carpet|minecraft:pink_carpet|minecraft:gray_carpet|minecraft:light_gray_carpet|minecraft:cyan_carpet|minecraft:purple_carpet|minecraft:blue_carpet|minecraft:brown_carpet|minecraft:green_carpet|minecraft:red_carpet|minecraft:black_carpet*1
craft	minecraft:lime_carpet	3	2	minecraft:lime_wool*2
craft	minecraft:lime_concrete_powder	8	3	minecraft:lime_dye*1,minecraft:sand*4,minecraft:gravel*4
craft	minecraft:lime_dye	2	2	minecraft:green_dye*1,minecraft:white_dye*1
craft	minecraft:lime_harness	1	2	minecraft:lime_dye*1,minecraft:white_harness|minecraft:orange_harness|minecraft:magenta_harness|minecraft:light_blue_harness|minecraft:yellow_harness|minecraft:pink_harness|minecraft:gray_harness|minecraft:light_gray_harness|minecraft:cyan_harness|minecraft:purple_harness|minecraft:blue_harness|minecraft:brown_harness|minecraft:green_harness|minecraft:red_harness|minecraft:black_harness*1
craft	minecraft:lime_harness	1	3	minecraft:leather*3,minecraft:glass*2,minecraft:lime_wool*1
craft	minecraft:lime_stained_glass	8	3	minecraft:glass*8,minecraft:lime_dye*1
craft	minecraft:lime_stained_glass_pane	16	3	minecraft:lime_stained_glass*6
craft	minecraft:lime_stained_glass_pane	8	3	minecraft:glass_pane*8,minecraft:lime_dye*1
craft	minecraft:lime_terracotta	8	3	minecraft:terracotta*8,minecraft:lime_dye*1
craft	minecraft:lime_wool	1	2	minecraft:lime_dye*1,minecraft:white_wool|minecraft:orange_wool|minecraft:magenta_wool|minecraft:light_blue_wool|minecraft:yellow_wool|minecraft:pink_wool|minecraft:gray_wool|minecraft:light_gray_wool|minecraft:cyan_wool|minecraft:purple_wool|minecraft:blue_wool|minecraft:brown_wool|minecraft:green_wool|minecraft:red_wool|minecraft:black_wool*1
craft	minecraft:lodestone	1	3	minecraft:chiseled_stone_bricks*8,minecraft:iron_ingot*1
craft	minecraft:loom	1	2	minecraft:string*2,#minecraft:planks*2
craft	minecraft:mace	1	3	minecraft:heavy_core*1,minecraft:breeze_rod*1
craft	minecraft:magenta_banner	1	3	minecraft:magenta_wool*6,minecraft:stick*1
craft	minecraft:magenta_bed	1	2	minecraft:magenta_dye*1,minecraft:white_bed|minecraft:orange_bed|minecraft:light_blue_bed|minecraft:yellow_bed|minecraft:lime_bed|minecraft:pink_bed|minecraft:gray_bed|minecraft:light_gray_bed|minecraft:cyan_bed|minecraft:purple_bed|minecraft:blue_bed|minecraft:brown_bed|minecraft:green_bed|minecraft:red_bed|minecraft:black_bed*1
craft	minecraft:magenta_bed	1	3	minecraft:magenta_wool*3,#minecraft:planks*3
craft	minecraft:magenta_candle	1	2	minecraft:candle*1,minecraft:magenta_dye*1
craft	minecraft:magenta_carpet	1	2	minecraft:magenta_dye*1,minecraft:white_carpet|minecraft:orange_carpet|minecraft:light_blue_carpet|minecraft:yellow_carpet|minecraft:lime_carpet|minecraft:pink_carpet|minecraft:gray_carpet|minecraft:light_gray_carpet|minecraft:cyan_carpet|minecraft:purple_carpet|minecraft:blue_carpet|minecraft:brown_carpet|minecraft:green_carpet|minecraft:red_carpet|minecraft:black_carpet*1
craft	minecraft:magenta_carpet	3	2	minecraft:magenta_wool*2
craft	minecraft:magenta_concrete_powder	8	3	minecraft:magenta_dye*1,minecraft:sand*4,minecraft:gravel*4
craft	minecraft:magenta_dye	1	2	minecraft:allium*1
craft	minecraft:magenta_dye	2	2	minecraft:lilac*1
craft	minecraft:magenta_dye	2	2	minecraft:purple_dye*1,minecraft:pink_dye*1
craft	minecraft:magenta_dye	3	2	minecraft:blue_dye*1,minecraft:red_dye*1,minecraft:pink_dye*1
craft	minecraft:magenta_dye	4	2	minecraft:blue_dye*1,minecraft:red_dye*2,minecraft:white_dye*1
craft	minecraft:magenta_harness	1	2	minecraft:magenta_dye*1,minecraft:white_harness|minecraft:orange_harness|minecraft:light_blue_harness|minecraft:yellow_harness|minecraft:lime_harness|minecraft:pink_harness|minecraft:gray_harness|minecraft:light_gray_harness|minecraft:cyan_harness|minecraft:purple_harness|minecraft:blue_harness|minecraft:brown_harness|minecraft:green_harness|minecraft:red_harness|minecraft:black_harness*1
craft	minecraft:magenta_harness	1	3	minecraft:leather*3,minecraft:glass*2,minecraft:magenta_wool*1
craft	minecraft:magenta_stained_glass	8	3	minecraft:glass*8,minecraft:magenta_dye*1
craft	minecraft:magenta_stained_glass_pane	16	3	minecraft:magenta_stained_glass*6
craft	minecraft:magenta_stained_glass_pane	8	3	minecraft:glass_pane*8,minecraft:magenta_dye*1
craft	minecraft:magenta_terracotta	8	3	minecraft:terracotta*8,minecraft:magenta_dye*1
craft	minecraft:magenta_wool	1	2	minecraft:magenta_dye*1,minecraft:white_wool|minecraft:orange_wool|minecraft:light_blue_wool|minecraft:yellow_wool|minecraft:lime_wool|minecraft:pink_wool|minecraft:gray_wool|minecraft:light_gray_wool|minecraft:cyan_wool|minecraft:purple_wool|minecraft:blue_wool|minecraft:brown_wool|minecraft:green_wool|minecraft:red_wool|minecraft:black_wool*1
craft	minecraft:magma_block	1	2	minecraft:magma_cream*4
craft	minecraft:magma_cream	1	2	minecraft:blaze_powder*1,minecraft:slime_ball*1
craft	minecraft:mangrove_boat	1	3	minecraft:mangrove_planks*5
craft	minecraft:mangrove_button	1	2	minecraft:mangrove_planks*1
craft	minecraft:mangrove_chest_boat	1	2	minecraft:chest*1,minecraft:mangrove_boat*1
craft	minecraft:mangrove_door	3	3	minecraft:mangrove_planks*6
craft	minecraft:mangrove_fence	3	3	minecraft:mangrove_planks*4,minecraft:stick*2
craft	minecraft:mangrove_fence_gate	1	3	minecraft:stick*4,minecraft:mangrove_planks*2
craft	minecraft:mangrove_hanging_sign	6	3	minecraft:iron_chain*2,minecraft:stripped_mangrove_log*6
craft	minecraft:mangrove_planks	4	2	#minecraft:mangrove_logs*1
craft	minecraft:mangrove_pressure_plate	1	2	minecraft:mangrove_planks*2
craft	minecraft:mangrove_shelf	6	3	minecraft:stripped_mangrove_log*6
craft	minecraft:mangrove_sign	3	3	minecraft:mangrove_planks*6,minecraft:stick*1
craft	minecraft:mangrove_slab	6	3	minecraft:mangrove_planks*3
craft	minecraft:mangrove_stairs	4	3	minecraft:mangrove_planks*6
craft	minecraft:mangrove_trapdoor	2	3	minecraft:mangrove_planks*6
craft	minecraft:mangrove_wood	3	2	minecraft:mangrove_log*4
craft	minecraft:map	1	3	minecraft:paper*8,minecraft:compass*1
craft	minecraft:melon	1	3	minecraft:melon_slice*9
craft	minecraft:melon_seeds	1	2	minecraft:melon_slice*1
craft	minecraft:minecart	1	3	minecraft:iron_ingot*5
craft	minecraft:mojang_banner_pattern	1	2	minecraft:paper*1,minecraft:enchanted_golden_apple*1
craft	minecraft:moss_carpet	3	2	minecraft:moss_block*2
craft	minecraft:mossy_cobblestone	1	2	minecraft:cobblestone*1,minecraft:moss_block*1
craft	minecraft:mossy_cobblestone	1	2	minecraft:cobblestone*1,minecraft:vine*1
craft	minecraft:mossy_cobblestone_slab	6	3	minecraft:mossy_cobblestone*3
craft	minecraft:mossy_cobblestone_stairs	4	3	minecraft:mossy_cobblestone*6
craft	minecraft:mossy_cobblestone_wall	6	3	minecraft:mossy_cobblestone*6
craft	minecraft:mossy_stone_brick_slab	6	3	minecraft:mossy_stone_bricks*3
craft	minecraft:mossy_stone_brick_stairs	4	3	minecraft:mossy_stone_bricks*6
craft	minecraft:mossy_stone_brick_wall	6	3	minecraft:mossy_stone_bricks*6
craft	minecraft:mossy_stone_bricks	1	2	minecraft:stone_bricks*1,minecraft:moss_block*1
craft	minecraft:mossy_stone_bricks	1	2	minecraft:stone_bricks*1,minecraft:vine*1
craft	minecraft:mud_brick_slab	6	3	minecraft:mud_bricks*3
craft	minecraft:mud_brick_stairs	4	3	minecraft:mud_bricks*6
craft	minecraft:mud_brick_wall	6	3	minecraft:mud_bricks*6
craft	minecraft:mud_bricks	4	2	minecraft:packed_mud*4
craft	minecraft:muddy_mangrove_roots	1	2	minecraft:mud*1,minecraft:mangrove_roots*1
craft	minecraft:mushroom_stew	1	2	minecraft:brown_mushroom*1,minecraft:red_mushroom*1,minecraft:bowl*1
craft	minecraft:music_disc_5	1	3	minecraft:disc_fragment_5*9
craft	minecraft:name_tag	1	2	#minecraft:metal_nuggets*1,minecraft:paper*1
craft	minecraft:nether_brick_fence	6	3	minecraft:nether_bricks*4,minecraft:nether_brick*2
craft	minecraft:nether_brick_slab	6	3	minecraft:nether_bricks*3
craft	minecraft:nether_brick_stairs	4	3	minecraft:nether_bricks*6
craft	minecraft:nether_brick_wall	6	3	minecraft:nether_bricks*6
craft	minecraft:nether_bricks	1	2	minecraft:nether_brick*4
craft	minecraft:nether_wart_block	1	3	minecraft:nether_wart*9
craft	minecraft:netherite_block	1	3	minecraft:netherite_ingot*9
craft	minecraft:netherite_ingot	1	3	minecraft:netherite_scrap*4,minecraft:gold_ingot*4
craft	minecraft:netherite_ingot	9	2	minecraft:netherite_block*1
craft	minecraft:netherite_upgrade_smithing_template	2	3	minecraft:diamond*7,minecraft:netherite_upgrade_smithing_template*1,minecraft:netherrack*1
craft	minecraft:note_block	1	3	#minecraft:planks*8,minecraft:redstone*1
craft	minecraft:oak_boat	1	3	minecraft:oak_planks*5
craft	minecraft:oak_button	1	2	minecraft:oak_planks*1
craft	minecraft:oak_chest_boat	1	2	minecraft:chest*1,minecraft:oak_boat*1
craft	minecraft:oak_door	3	3	minecraft:oak_planks*6
craft	minecraft:oak_fence	3	3	minecraft:oak_planks*4,minecraft:stick*2
craft	minecraft:oak_fence_gate	1	3	minecraft:stick*4,minecraft:oak_planks*2
craft	minecraft:oak_hanging_sign	6	3	minecraft:iron_chain*2,minecraft:stripped_oak_log*6
craft	minecraft:oak_planks	4	2	#minecraft:oak_logs*1
craft	minecraft:oak_pressure_plate	1	2	minecraft:oak_planks*2
craft	minecraft:oak_shelf	6	3	minecraft:stripped_oak_log*6
craft	minecraft:oak_sign	3	3	minecraft:oak_planks*6,minecraft:stick*1
craft	minecraft:oak_slab	6	3	minecraft:oak_planks*3
craft	minecraft:oak_stairs	4	3	minecraft:oak_planks*6
craft	minecraft:oak_trapdoor	2	3	minecraft:oak_planks*6
craft	minecraft:oak_wood	3	2	minecraft:oak_log*4
craft	minecraft:observer	1	3	minecraft:cobblestone*6,minecraft:redstone*2,minecraft:quartz*1
craft	minecraft:orange_banner	1	3	minecraft:orange_wool*6,minecraft:stick*1
craft	minecraft:orange_bed	1	2	minecraft:orange_dye*1,minecraft:white_bed|minecraft:magenta_bed|minecraft:light_blue_bed|minecraft:yellow_bed|minecraft:lime_bed|minecraft:pink_bed|minecraft:gray_bed|minecraft:light_gray_bed|minecraft:cyan_bed|minecraft:purple_bed|minecraft:blue_bed|minecraft:brown_bed|minecraft:green_bed|minecraft:red_bed|minecraft:black_bed*1
craft	minecraft:orange_bed	1	3	minecraft:orange_wool*3,#minecraft:planks*3
craft	minecraft:orange_candle	1	2	minecraft:candle*1,minecraft:orange_dye*1
craft	minecraft:orange_carpet	1	2	minecraft:orange_dye*1,minecraft:white_carpet|minecraft:magenta_carpet|minecraft:light_blue_carpet|minecraft:yellow_carpet|minecraft:lime_carpet|minecraft:pink_carpet|minecraft:gray_carpet|minecraft:light_gray_carpet|minecraft:cyan_carpet|minecraft:purple_carpet|minecraft:blue_carpet|minecraft:brown_carpet|minecraft:green_carpet|minecraft:red_carpet|minecraft:black_carpet*1
craft	minecraft:orange_carpet	3	2	minecraft:orange_wool*2
craft	minecraft:orange_concrete_powder	8	3	minecraft:orange_dye*1,minecraft:sand*4,minecraft:gravel*4
craft	minecraft:orange_dye	1	2	minecraft:open_eyeblossom*1
craft	minecraft:orange_dye	1	2	minecraft:orange_tulip*1
craft	minecraft:orange_dye	1	2	minecraft:torchflower*1
craft	minecraft:orange_dye	2	2	minecraft:red_dye*1,minecraft:yellow_dye*1
craft	minecraft:orange_harness	1	2	minecraft:orange_dye*1,minecraft:white_harness|minecraft:magenta_harness|minecraft:light_blue_harness|minecraft:yellow_harness|minecraft:lime_harness|minecraft:pink_harness|minecraft:gray_harness|minecraft:light_gray_harness|minecraft:cyan_harness|minecraft:purple_harness|minecraft:blue_harness|minecraft:brown_harness|minecraft:green_harness|minecraft:red_harness|minecraft:black_harness*1
craft	minecraft:orange_harness	1	3	minecraft:leather*3,minecraft:glass*2,minecraft:orange_wool*1
craft	minecraft:orange_stained_glass	8	3	minecraft:glass*8,minecraft:orange_dye*1
craft	minecraft:orange_stained_glass_pane	16	3	minecraft:orange_stained_glass*6
craft	minecraft:orange_stained_glass_pane	8	3	minecraft:glass_pane*8,minecraft:orange_dye*1
craft	minecraft:orange_terracotta	8	3	minecraft:terracotta*8,minecraft:orange_dye*1
craft	minecraft:orange_wool	1	2	minecraft:orange_dye*1,minecraft:white_wool|minecraft:magenta_wool|minecraft:light_blue_wool|minecraft:yellow_wool|minecraft:lime_wool|minecraft:pink_wool|minecraft:gray_wool|minecraft:light_gray_wool|minecraft:cyan_wool|minecraft:purple_wool|minecraft:blue_wool|minecraft:brown_wool|minecraft:green_wool|minecraft:red_wool|minecraft:black_wool*1
craft	minecraft:oxidized_chiseled_copper	1	2	minecraft:oxidized_cut_copper_slab*2
craft	minecraft:oxidized_copper_bulb	4	3	minecraft:oxidized_copper*3,minecraft:blaze_rod*1,minecraft:redstone*1
craft	minecraft:oxidized_copper_grate	4	3	minecraft:oxidized_copper*4
craft	minecraft:oxidized_cut_copper	4	2	minecraft:oxidized_copper*4
craft	minecraft:oxidized_cut_copper_slab	6	3	minecraft:oxidized_cut_copper*3
craft	minecraft:oxidized_cut_copper_stairs	4	3	minecraft:oxidized_cut_copper*6
craft	minecraft:packed_ice	1	3	minecraft:ice*9
craft	minecraft:packed_mud	1	2	minecraft:mud*1,minecraft:wheat*1
craft	minecraft:painting	1	3	minecraft:stick*8,#minecraft:wool*1
craft	minecraft:pale_moss_carpet	3	2	minecraft:pale_moss_block*2
craft	minecraft:pale_oak_boat	1	3	minecraft:pale_oak_planks*5
craft	minecraft:pale_oak_button	1	2	minecraft:pale_oak_planks*1
craft	minecraft:pale_oak_chest_boat	1	2	minecraft:chest*1,minecraft:pale_oak_boat*1
craft	minecraft:pale_oak_door	3	3	minecraft:pale_oak_planks*6
craft	minecraft:pale_oak_fence	3	3	minecraft:pale_oak_planks*4,minecraft:stick*2
craft	minecraft:pale_oak_fence_gate	1	3	minecraft:stick*4,minecraft:pale_oak_planks*2
craft	minecraft:pale_oak_hanging_sign	6	3	minecraft:iron_chain*2,minecraft:stripped_pale_oak_log*6
craft	minecraft:pale_oak_planks	4	2	#minecraft:pale_oak_logs*1
craft	minecraft:pale_oak_pressure_plate	1	2	minecraft:pale_oak_planks*2
craft	minecraft:pale_oak_shelf	6	3	minecraft:stripped_pale_oak_log*6
craft	minecraft:pale_oak_sign	3	3	minecraft:pale_oak_planks*6,minecraft:stick*1
craft	minecraft:pale_oak_slab	6	3	minecraft:pale_oak_planks*3
craft	minecraft:pale_oak_stairs	4	3	minecraft:pale_oak_planks*6
craft	minecraft:pale_oak_trapdoor	2	3	minecraft:pale_oak_planks*6
craft	minecraft:pale_oak_wood	3	2	minecraft:pale_oak_log*4
craft	minecraft:paper	3	3	minecraft:sugar_cane*3
craft	minecraft:pink_banner	1	3	minecraft:pink_wool*6,minecraft:stick*1
craft	minecraft:pink_bed	1	2	minecraft:pink_dye*1,minecraft:white_bed|minecraft:orange_bed|minecraft:magenta_bed|minecraft:light_blue_bed|minecraft:yellow_bed|minecraft:lime_bed|minecraft:gray_bed|minecraft:light_gray_bed|minecraft:cyan_bed|minecraft:purple_bed|minecraft:blue_bed|minecraft:brown_bed|minecraft:green_bed|minecraft:red_bed|minecraft:black_bed*1
craft	minecraft:pink_bed	1	3	minecraft:pink_wool*3,#minecraft:planks*3
craft	minecraft:pink_candle	1	2	minecraft:candle*1,minecraft:pink_dye*1
craft	minecraft:pink_carpet	1	2	minecraft:pink_dye*1,minecraft:white_carpet|minecraft:orange_carpet|minecraft:magenta_carpet|minecraft:light_blue_carpet|minecraft:yellow_carpet|minecraft:lime_carpet|minecraft:gray_carpet|minecraft:light_gray_carpet|minecraft:cyan_carpet|minecraft:purple_carpet|minecraft:blue_carpet|minecraft:brown_carpet|minecraft:green_carpet|minecraft:red_carpet|minecraft:black_carpet*1
craft	minecraft:pink_carpet	3	2	minecraft:pink_wool*2
craft	minecraft:pink_concrete_powder	8	3	minecraft:pink_dye*1,minecraft:sand*4,minecraft:gravel*4
craft	minecraft:pink_dye	1	2	minecraft:cactus_flower*1
craft	minecraft:pink_dye	1	2	minecraft:pink_petals*1
craft	minecraft:pink_dye	1	2	minecraft:pink_tulip*1
craft	minecraft:pink_dye	2	2	minecraft:peony*1
craft	minecraft:pink_dye	2	2	minecraft:red_dye*1,minecraft:white_dye*1
craft	minecraft:pink_harness	1	2	minecraft:pink_dye*1,minecraft:white_harness|minecraft:orange_harness|minecraft:magenta_harness|minecraft:light_blue_harness|minecraft:yellow_harness|minecraft:lime_harness|minecraft:gray_harness|minecraft:light_gray_harness|minecraft:cyan_harness|minecraft:purple_harness|minecraft:blue_harness|minecraft:brown_harness|minecraft:green_harness|minecraft:red_harness|minecraft:black_harness*1
craft	minecraft:pink_harness	1	3	minecraft:leather*3,minecraft:glass*2,minecraft:pink_wool*1
craft	minecraft:pink_stained_glass	8	3	minecraft:glass*8,minecraft:pink_dye*1
craft	minecraft:pink_stained_glass_pane	16	3	minecraft:pink_stained_glass*6
craft	minecraft:pink_stained_glass_pane	8	3	minecraft:glass_pane*8,minecraft:pink_dye*1
craft	minecraft:pink_terracotta	8	3	minecraft:terracotta*8,minecraft:pink_dye*1
craft	minecraft:pink_wool	1	2	minecraft:pink_dye*1,minecraft:white_wool|minecraft:orange_wool|minecraft:magenta_wool|minecraft:light_blue_wool|minecraft:yellow_wool|minecraft:lime_wool|minecraft:gray_wool|minecraft:light_gray_wool|minecraft:cyan_wool|minecraft:purple_wool|minecraft:blue_wool|minecraft:brown_wool|minecraft:green_wool|minecraft:red_wool|minecraft:black_wool*1
craft	minecraft:piston	1	3	#minecraft:planks*3,minecraft:cobblestone*4,minecraft:iron_ingot*1,minecraft:redstone*1
craft	minecraft:polished_andesite	4	2	minecraft:andesite*4
craft	minecraft:polished_andesite_slab	6	3	minecraft:polished_andesite*3
craft	minecraft:polished_andesite_stairs	4	3	minecraft:polished_andesite*6
craft	minecraft:polished_basalt	4	2	minecraft:basalt*4
craft	minecraft:polished_blackstone	4	2	minecraft:blackstone*4
craft	minecraft:polished_blackstone_brick_slab	6	3	minecraft:polished_blackstone_bricks*3
craft	minecraft:polished_blackstone_brick_stairs	4	3	minecraft:polished_blackstone_bricks*6
craft	minecraft:polished_blackstone_brick_wall	6	3	minecraft:polished_blackstone_bricks*6
craft	minecraft:polished_blackstone_bricks	4	2	minecraft:polished_blackstone*4
craft	minecraft:polished_blackstone_button	1	2	minecraft:polished_blackstone*1
craft	minecraft:polished_blackstone_pressure_plate	1	2	minecraft:polished_blackstone*2
craft	minecraft:polished_blackstone_slab	6	3	minecraft:polished_blackstone*3
craft	minecraft:polished_blackstone_stairs	4	3	minecraft:polished_blackstone*6
craft	minecraft:polished_blackstone_wall	6	3	minecraft:polished_blackstone*6
craft	minecraft:polished_cinnabar	4	2	minecraft:cinnabar*4
craft	minecraft:polished_cinnabar_slab	6	3	minecraft:polished_cinnabar*3
craft	minecraft:polished_cinnabar_stairs	4	3	minecraft:polished_cinnabar*6
craft	minecraft:polished_cinnabar_wall	6	3	minecraft:polished_cinnabar*6
craft	minecraft:polished_deepslate	4	2	minecraft:cobbled_deepslate*4
craft	minecraft:polished_deepslate_slab	6	3	minecraft:polished_deepslate*3
craft	minecraft:polished_deepslate_stairs	4	3	minecraft:polished_deepslate*6
craft	minecraft:polished_deepslate_wall	6	3	minecraft:polished_deepslate*6
craft	minecraft:polished_diorite	4	2	minecraft:diorite*4
craft	minecraft:polished_diorite_slab	6	3	minecraft:polished_diorite*3
craft	minecraft:polished_diorite_stairs	4	3	minecraft:polished_diorite*6
craft	minecraft:polished_granite	4	2	minecraft:granite*4
craft	minecraft:polished_granite_slab	6	3	minecraft:polished_granite*3
craft	minecraft:polished_granite_stairs	4	3	minecraft:polished_granite*6
craft	minecraft:polished_sulfur	4	2	minecraft:sulfur*4
craft	minecraft:polished_sulfur_slab	6	3	minecraft:polished_sulfur*3
craft	minecraft:polished_sulfur_stairs	4	3	minecraft:polished_sulfur*6
craft	minecraft:polished_sulfur_wall	6	3	minecraft:polished_sulfur*6
craft	minecraft:polished_tuff	4	2	minecraft:tuff*4
craft	minecraft:polished_tuff_slab	6	3	minecraft:polished_tuff*3
craft	minecraft:polished_tuff_stairs	4	3	minecraft:polished_tuff*6
craft	minecraft:polished_tuff_wall	6	3	minecraft:polished_tuff*6
craft	minecraft:potent_sulfur	1	3	minecraft:sulfur*9
craft	minecraft:powered_rail	6	3	minecraft:gold_ingot*6,minecraft:stick*1,minecraft:redstone*1
craft	minecraft:prismarine	1	2	minecraft:prismarine_shard*4
craft	minecraft:prismarine_brick_slab	6	3	minecraft:prismarine_bricks*3
craft	minecraft:prismarine_brick_stairs	4	3	minecraft:prismarine_bricks*6
craft	minecraft:prismarine_bricks	1	3	minecraft:prismarine_shard*9
craft	minecraft:prismarine_slab	6	3	minecraft:prismarine*3
craft	minecraft:prismarine_stairs	4	3	minecraft:prismarine*6
craft	minecraft:prismarine_wall	6	3	minecraft:prismarine*6
craft	minecraft:pumpkin_pie	1	2	minecraft:pumpkin*1,minecraft:sugar*1,#minecraft:eggs*1
craft	minecraft:pumpkin_seeds	4	2	minecraft:pumpkin*1
craft	minecraft:purple_banner	1	3	minecraft:purple_wool*6,minecraft:stick*1
craft	minecraft:purple_bed	1	2	minecraft:purple_dye*1,minecraft:white_bed|minecraft:orange_bed|minecraft:magenta_bed|minecraft:light_blue_bed|minecraft:yellow_bed|minecraft:lime_bed|minecraft:pink_bed|minecraft:gray_bed|minecraft:light_gray_bed|minecraft:cyan_bed|minecraft:blue_bed|minecraft:brown_bed|minecraft:green_bed|minecraft:red_bed|minecraft:black_bed*1
craft	minecraft:purple_bed	1	3	minecraft:purple_wool*3,#minecraft:planks*3
craft	minecraft:purple_candle	1	2	minecraft:candle*1,minecraft:purple_dye*1
craft	minecraft:purple_carpet	1	2	minecraft:purple_dye*1,minecraft:white_carpet|minecraft:orange_carpet|minecraft:magenta_carpet|minecraft:light_blue_carpet|minecraft:yellow_carpet|minecraft:lime_carpet|minecraft:pink_carpet|minecraft:gray_carpet|minecraft:light_gray_carpet|minecraft:cyan_carpet|minecraft:blue_carpet|minecraft:brown_carpet|minecraft:green_carpet|minecraft:red_carpet|minecraft:black_carpet*1
craft	minecraft:purple_carpet	3	2	minecraft:purple_wool*2
craft	minecraft:purple_concrete_powder	8	3	minecraft:purple_dye*1,minecraft:sand*4,minecraft:gravel*4
craft	minecraft:purple_dye	2	2	minecraft:blue_dye*1,minecraft:red_dye*1
craft	minecraft:purple_harness	1	2	minecraft:purple_dye*1,minecraft:white_harness|minecraft:orange_harness|minecraft:magenta_harness|minecraft:light_blue_harness|minecraft:yellow_harness|minecraft:lime_harness|minecraft:pink_harness|minecraft:gray_harness|minecraft:light_gray_harness|minecraft:cyan_harness|minecraft:blue_harness|minecraft:brown_harness|minecraft:green_harness|minecraft:red_harness|minecraft:black_harness*1
craft	minecraft:purple_harness	1	3	minecraft:leather*3,minecraft:glass*2,minecraft:purple_wool*1
craft	minecraft:purple_stained_glass	8	3	minecraft:glass*8,minecraft:purple_dye*1
craft	minecraft:purple_stained_glass_pane	16	3	minecraft:purple_stained_glass*6
craft	minecraft:purple_stained_glass_pane	8	3	minecraft:glass_pane*8,minecraft:purple_dye*1
craft	minecraft:purple_terracotta	8	3	minecraft:terracotta*8,minecraft:purple_dye*1
craft	minecraft:purple_wool	1	2	minecraft:purple_dye*1,minecraft:white_wool|minecraft:orange_wool|minecraft:magenta_wool|minecraft:light_blue_wool|minecraft:yellow_wool|minecraft:lime_wool|minecraft:pink_wool|minecraft:gray_wool|minecraft:light_gray_wool|minecraft:cyan_wool|minecraft:blue_wool|minecraft:brown_wool|minecraft:green_wool|minecraft:red_wool|minecraft:black_wool*1
craft	minecraft:purpur_block	4	2	minecraft:popped_chorus_fruit*4
craft	minecraft:purpur_pillar	1	2	minecraft:purpur_slab*2
craft	minecraft:purpur_slab	6	3	minecraft:purpur_block|minecraft:purpur_pillar*3
craft	minecraft:purpur_stairs	4	3	minecraft:purpur_block|minecraft:purpur_pillar*6
craft	minecraft:quartz_block	1	2	minecraft:quartz*4
craft	minecraft:quartz_bricks	4	2	minecraft:quartz_block*4
craft	minecraft:quartz_pillar	2	2	minecraft:quartz_block*2
craft	minecraft:quartz_slab	6	3	minecraft:chiseled_quartz_block|minecraft:quartz_block|minecraft:quartz_pillar*3
craft	minecraft:quartz_stairs	4	3	minecraft:chiseled_quartz_block|minecraft:quartz_block|minecraft:quartz_pillar*6
craft	minecraft:rabbit_stew	1	3	minecraft:baked_potato*1,minecraft:cooked_rabbit*1,minecraft:bowl*1,minecraft:carrot*1,minecraft:brown_mushroom*1
craft	minecraft:rabbit_stew	1	3	minecraft:baked_potato*1,minecraft:cooked_rabbit*1,minecraft:bowl*1,minecraft:carrot*1,minecraft:red_mushroom*1
craft	minecraft:rail	16	3	minecraft:iron_ingot*6,minecraft:stick*1
craft	minecraft:raiser_armor_trim_smithing_template	2	3	minecraft:diamond*7,minecraft:raiser_armor_trim_smithing_template*1,minecraft:terracotta*1
craft	minecraft:raw_copper	9	2	minecraft:raw_copper_block*1
craft	minecraft:raw_copper_block	1	3	minecraft:raw_copper*9
craft	minecraft:raw_gold	9	2	minecraft:raw_gold_block*1
craft	minecraft:raw_gold_block	1	3	minecraft:raw_gold*9
craft	minecraft:raw_iron	9	2	minecraft:raw_iron_block*1
craft	minecraft:raw_iron_block	1	3	minecraft:raw_iron*9
craft	minecraft:recovery_compass	1	3	minecraft:echo_shard*8,minecraft:compass*1
craft	minecraft:red_banner	1	3	minecraft:red_wool*6,minecraft:stick*1
craft	minecraft:red_bed	1	2	minecraft:red_dye*1,minecraft:white_bed|minecraft:orange_bed|minecraft:magenta_bed|minecraft:light_blue_bed|minecraft:yellow_bed|minecraft:lime_bed|minecraft:pink_bed|minecraft:gray_bed|minecraft:light_gray_bed|minecraft:cyan_bed|minecraft:purple_bed|minecraft:blue_bed|minecraft:brown_bed|minecraft:green_bed|minecraft:black_bed*1
craft	minecraft:red_bed	1	3	minecraft:red_wool*3,#minecraft:planks*3
craft	minecraft:red_candle	1	2	minecraft:candle*1,minecraft:red_dye*1
craft	minecraft:red_carpet	1	2	minecraft:red_dye*1,minecraft:white_carpet|minecraft:orange_carpet|minecraft:magenta_carpet|minecraft:light_blue_carpet|minecraft:yellow_carpet|minecraft:lime_carpet|minecraft:pink_carpet|minecraft:gray_carpet|minecraft:light_gray_carpet|minecraft:cyan_carpet|minecraft:purple_carpet|minecraft:blue_carpet|minecraft:brown_carpet|minecraft:green_carpet|minecraft:black_carpet*1
craft	minecraft:red_carpet	3	2	minecraft:red_wool*2
craft	minecraft:red_concrete_powder	8	3	minecraft:red_dye*1,minecraft:sand*4,minecraft:gravel*4
craft	minecraft:red_dye	1	2	minecraft:beetroot*1
craft	minecraft:red_dye	1	2	minecraft:poppy*1
craft	minecraft:red_dye	1	2	minecraft:red_tulip*1
craft	minecraft:red_dye	2	2	minecraft:rose_bush*1
craft	minecraft:red_harness	1	2	minecraft:red_dye*1,minecraft:white_harness|minecraft:orange_harness|minecraft:magenta_harness|minecraft:light_blue_harness|minecraft:yellow_harness|minecraft:lime_harness|minecraft:pink_harness|minecraft:gray_harness|minecraft:light_gray_harness|minecraft:cyan_harness|minecraft:purple_harness|minecraft:blue_harness|minecraft:brown_harness|minecraft:green_harness|minecraft:black_harness*1
craft	minecraft:red_harness	1	3	minecraft:leather*3,minecraft:glass*2,minecraft:red_wool*1
craft	minecraft:red_nether_brick_slab	6	3	minecraft:red_nether_bricks*3
craft	minecraft:red_nether_brick_stairs	4	3	minecraft:red_nether_bricks*6
craft	minecraft:red_nether_brick_wall	6	3	minecraft:red_nether_bricks*6
craft	minecraft:red_nether_bricks	1	2	minecraft:nether_brick*2,minecraft:nether_wart*2
craft	minecraft:red_sandstone	1	2	minecraft:red_sand*4
craft	minecraft:red_sandstone_slab	6	3	minecraft:red_sandstone|minecraft:chiseled_red_sandstone*3
craft	minecraft:red_sandstone_stairs	4	3	minecraft:red_sandstone|minecraft:chiseled_red_sandstone|minecraft:cut_red_sandstone*6
craft	minecraft:red_sandstone_wall	6	3	minecraft:red_sandstone*6
craft	minecraft:red_stained_glass	8	3	minecraft:glass*8,minecraft:red_dye*1
craft	minecraft:red_stained_glass_pane	16	3	minecraft:red_stained_glass*6
craft	minecraft:red_stained_glass_pane	8	3	minecraft:glass_pane*8,minecraft:red_dye*1
craft	minecraft:red_terracotta	8	3	minecraft:terracotta*8,minecraft:red_dye*1
craft	minecraft:red_wool	1	2	minecraft:red_dye*1,minecraft:white_wool|minecraft:orange_wool|minecraft:magenta_wool|minecraft:light_blue_wool|minecraft:yellow_wool|minecraft:lime_wool|minecraft:pink_wool|minecraft:gray_wool|minecraft:light_gray_wool|minecraft:cyan_wool|minecraft:purple_wool|minecraft:blue_wool|minecraft:brown_wool|minecraft:green_wool|minecraft:black_wool*1
craft	minecraft:redstone	9	2	minecraft:redstone_block*1
craft	minecraft:redstone_block	1	3	minecraft:redstone*9
craft	minecraft:redstone_lamp	1	3	minecraft:redstone*4,minecraft:glowstone*1
craft	minecraft:redstone_torch	1	2	minecraft:redstone*1,minecraft:stick*1
craft	minecraft:repeater	1	3	minecraft:redstone_torch*2,minecraft:redstone*1,minecraft:stone*3
craft	minecraft:resin_block	1	3	minecraft:resin_clump*9
craft	minecraft:resin_brick_slab	6	3	minecraft:resin_bricks*3
craft	minecraft:resin_brick_stairs	4	3	minecraft:resin_bricks*6
craft	minecraft:resin_brick_wall	6	3	minecraft:resin_bricks*6
craft	minecraft:resin_bricks	1	2	minecraft:resin_brick*4
craft	minecraft:resin_clump	9	2	minecraft:resin_block*1
craft	minecraft:respawn_anchor	1	3	minecraft:crying_obsidian*6,minecraft:glowstone*3
craft	minecraft:rib_armor_trim_smithing_template	2	3	minecraft:diamond*7,minecraft:rib_armor_trim_smithing_template*1,minecraft:netherrack*1
craft	minecraft:saddle	1	3	minecraft:leather*3,minecraft:iron_ingot*1
craft	minecraft:sandstone	1	2	minecraft:sand*4
craft	minecraft:sandstone_slab	6	3	minecraft:sandstone|minecraft:chiseled_sandstone*3
craft	minecraft:sandstone_stairs	4	3	minecraft:sandstone|minecraft:chiseled_sandstone|minecraft:cut_sandstone*6
craft	minecraft:sandstone_wall	6	3	minecraft:sandstone*6
craft	minecraft:scaffolding	6	3	minecraft:bamboo*6,minecraft:string*1
craft	minecraft:sea_lantern	1	3	minecraft:prismarine_shard*4,minecraft:prismarine_crystals*5
craft	minecraft:sentry_armor_trim_smithing_template	2	3	minecraft:diamond*7,minecraft:sentry_armor_trim_smithing_template*1,minecraft:cobblestone*1
craft	minecraft:shaper_armor_trim_smithing_template	2	3	minecraft:diamond*7,minecraft:shaper_armor_trim_smithing_template*1,minecraft:terracotta*1
craft	minecraft:shears	1	2	minecraft:iron_ingot*2
craft	minecraft:shield	1	3	#minecraft:wooden_tool_materials*6,minecraft:iron_ingot*1
craft	minecraft:shulker_box	1	3	minecraft:shulker_shell*2,minecraft:chest*1
craft	minecraft:silence_armor_trim_smithing_template	2	3	minecraft:diamond*7,minecraft:silence_armor_trim_smithing_template*1,minecraft:cobbled_deepslate*1
craft	minecraft:skull_banner_pattern	1	2	minecraft:paper*1,minecraft:wither_skeleton_skull*1
craft	minecraft:slime_ball	9	2	minecraft:slime_block*1
craft	minecraft:slime_block	1	3	minecraft:slime_ball*9
craft	minecraft:smithing_table	1	3	minecraft:iron_ingot*2,#minecraft:planks*4
craft	minecraft:smoker	1	3	#minecraft:logs*4,minecraft:furnace*1
craft	minecraft:smooth_quartz_slab	6	3	minecraft:smooth_quartz*3
craft	minecraft:smooth_quartz_stairs	4	3	minecraft:smooth_quartz*6
craft	minecraft:smooth_red_sandstone_slab	6	3	minecraft:smooth_red_sandstone*3
craft	minecraft:smooth_red_sandstone_stairs	4	3	minecraft:smooth_red_sandstone*6
craft	minecraft:smooth_sandstone_slab	6	3	minecraft:smooth_sandstone*3
craft	minecraft:smooth_sandstone_stairs	4	3	minecraft:smooth_sandstone*6
craft	minecraft:smooth_stone_slab	6	3	minecraft:smooth_stone*3
craft	minecraft:snout_armor_trim_smithing_template	2	3	minecraft:diamond*7,minecraft:snout_armor_trim_smithing_template*1,minecraft:blackstone*1
craft	minecraft:snow	6	3	minecraft:snow_block*3
craft	minecraft:snow_block	1	2	minecraft:snowball*4
craft	minecraft:soul_campfire	1	3	minecraft:stick*3,#minecraft:soul_fire_base_blocks*1,#minecraft:logs*3
craft	minecraft:soul_lantern	1	3	minecraft:iron_nugget*8,minecraft:soul_torch*1
craft	minecraft:soul_torch	4	3	minecraft:coal|minecraft:charcoal*1,minecraft:stick*1,#minecraft:soul_fire_base_blocks*1
craft	minecraft:spectral_arrow	2	3	minecraft:glowstone_dust*4,minecraft:arrow*1
craft	minecraft:spire_armor_trim_smithing_template	2	3	minecraft:diamond*7,minecraft:spire_armor_trim_smithing_template*1,minecraft:purpur_block*1
craft	minecraft:spruce_boat	1	3	minecraft:spruce_planks*5
craft	minecraft:spruce_button	1	2	minecraft:spruce_planks*1
craft	minecraft:spruce_chest_boat	1	2	minecraft:chest*1,minecraft:spruce_boat*1
craft	minecraft:spruce_door	3	3	minecraft:spruce_planks*6
craft	minecraft:spruce_fence	3	3	minecraft:spruce_planks*4,minecraft:stick*2
craft	minecraft:spruce_fence_gate	1	3	minecraft:stick*4,minecraft:spruce_planks*2
craft	minecraft:spruce_hanging_sign	6	3	minecraft:iron_chain*2,minecraft:stripped_spruce_log*6
craft	minecraft:spruce_planks	4	2	#minecraft:spruce_logs*1
craft	minecraft:spruce_pressure_plate	1	2	minecraft:spruce_planks*2
craft	minecraft:spruce_shelf	6	3	minecraft:stripped_spruce_log*6
craft	minecraft:spruce_sign	3	3	minecraft:spruce_planks*6,minecraft:stick*1
craft	minecraft:spruce_slab	6	3	minecraft:spruce_planks*3
craft	minecraft:spruce_stairs	4	3	minecraft:spruce_planks*6
craft	minecraft:spruce_trapdoor	2	3	minecraft:spruce_planks*6
craft	minecraft:spruce_wood	3	2	minecraft:spruce_log*4
craft	minecraft:spyglass	1	3	minecraft:amethyst_shard*1,minecraft:copper_ingot*2
craft	minecraft:stick	1	2	minecraft:bamboo*2
craft	minecraft:stick	4	2	#minecraft:planks*2
craft	minecraft:sticky_piston	1	2	minecraft:slime_ball*1,minecraft:piston*1
craft	minecraft:stone_axe	1	3	#minecraft:stone_tool_materials*3,minecraft:stick*2
craft	minecraft:stone_brick_slab	6	3	minecraft:stone_bricks*3
craft	minecraft:stone_brick_stairs	4	3	minecraft:stone_bricks*6
craft	minecraft:stone_brick_wall	6	3	minecraft:stone_bricks*6
craft	minecraft:stone_bricks	4	2	minecraft:stone*4
craft	minecraft:stone_button	1	2	minecraft:stone*1
craft	minecraft:stone_hoe	1	3	#minecraft:stone_tool_materials*2,minecraft:stick*2
craft	minecraft:stone_pickaxe	1	3	#minecraft:stone_tool_materials*3,minecraft:stick*2
craft	minecraft:stone_pressure_plate	1	2	minecraft:stone*2
craft	minecraft:stone_shovel	1	3	#minecraft:stone_tool_materials*1,minecraft:stick*2
craft	minecraft:stone_slab	6	3	minecraft:stone*3
craft	minecraft:stone_spear	1	3	#minecraft:stone_tool_materials*1,minecraft:stick*2
craft	minecraft:stone_stairs	4	3	minecraft:stone*6
craft	minecraft:stone_sword	1	3	#minecraft:stone_tool_materials*2,minecraft:stick*1
craft	minecraft:stonecutter	1	3	minecraft:iron_ingot*1,minecraft:stone*3
craft	minecraft:stripped_acacia_wood	3	2	minecraft:stripped_acacia_log*4
craft	minecraft:stripped_birch_wood	3	2	minecraft:stripped_birch_log*4
craft	minecraft:stripped_cherry_wood	3	2	minecraft:stripped_cherry_log*4
craft	minecraft:stripped_crimson_hyphae	3	2	minecraft:stripped_crimson_stem*4
craft	minecraft:stripped_dark_oak_wood	3	2	minecraft:stripped_dark_oak_log*4
craft	minecraft:stripped_jungle_wood	3	2	minecraft:stripped_jungle_log*4
craft	minecraft:stripped_mangrove_wood	3	2	minecraft:stripped_mangrove_log*4
craft	minecraft:stripped_oak_wood	3	2	minecraft:stripped_oak_log*4
craft	minecraft:stripped_pale_oak_wood	3	2	minecraft:stripped_pale_oak_log*4
craft	minecraft:stripped_spruce_wood	3	2	minecraft:stripped_spruce_log*4
craft	minecraft:stripped_warped_hyphae	3	2	minecraft:stripped_warped_stem*4
craft	minecraft:sugar	1	2	minecraft:sugar_cane*1
craft	minecraft:sugar	3	2	minecraft:honey_bottle*1
craft	minecraft:sulfur	1	2	minecraft:sulfur_spike*4
craft	minecraft:sulfur_brick_slab	6	3	minecraft:sulfur_bricks*3
craft	minecraft:sulfur_brick_stairs	4	3	minecraft:sulfur_bricks*6
craft	minecraft:sulfur_brick_wall	6	3	minecraft:sulfur_bricks*6
craft	minecraft:sulfur_bricks	4	2	minecraft:polished_sulfur*4
craft	minecraft:sulfur_slab	6	3	minecraft:sulfur*3
craft	minecraft:sulfur_stairs	4	3	minecraft:sulfur*6
craft	minecraft:sulfur_wall	6	3	minecraft:sulfur*6
craft	minecraft:suspicious_stew	1	2	minecraft:bowl*1,minecraft:brown_mushroom*1,minecraft:red_mushroom*1,minecraft:allium*1
craft	minecraft:suspicious_stew	1	2	minecraft:bowl*1,minecraft:brown_mushroom*1,minecraft:red_mushroom*1,minecraft:azure_bluet*1
craft	minecraft:suspicious_stew	1	2	minecraft:bowl*1,minecraft:brown_mushroom*1,minecraft:red_mushroom*1,minecraft:blue_orchid*1
craft	minecraft:suspicious_stew	1	2	minecraft:bowl*1,minecraft:brown_mushroom*1,minecraft:red_mushroom*1,minecraft:closed_eyeblossom*1
craft	minecraft:suspicious_stew	1	2	minecraft:bowl*1,minecraft:brown_mushroom*1,minecraft:red_mushroom*1,minecraft:cornflower*1
craft	minecraft:suspicious_stew	1	2	minecraft:bowl*1,minecraft:brown_mushroom*1,minecraft:red_mushroom*1,minecraft:dandelion*1
craft	minecraft:suspicious_stew	1	2	minecraft:bowl*1,minecraft:brown_mushroom*1,minecraft:red_mushroom*1,minecraft:golden_dandelion*1
craft	minecraft:suspicious_stew	1	2	minecraft:bowl*1,minecraft:brown_mushroom*1,minecraft:red_mushroom*1,minecraft:lily_of_the_valley*1
craft	minecraft:suspicious_stew	1	2	minecraft:bowl*1,minecraft:brown_mushroom*1,minecraft:red_mushroom*1,minecraft:open_eyeblossom*1
craft	minecraft:suspicious_stew	1	2	minecraft:bowl*1,minecraft:brown_mushroom*1,minecraft:red_mushroom*1,minecraft:orange_tulip*1
craft	minecraft:suspicious_stew	1	2	minecraft:bowl*1,minecraft:brown_mushroom*1,minecraft:red_mushroom*1,minecraft:oxeye_daisy*1
craft	minecraft:suspicious_stew	1	2	minecraft:bowl*1,minecraft:brown_mushroom*1,minecraft:red_mushroom*1,minecraft:pink_tulip*1
craft	minecraft:suspicious_stew	1	2	minecraft:bowl*1,minecraft:brown_mushroom*1,minecraft:red_mushroom*1,minecraft:poppy*1
craft	minecraft:suspicious_stew	1	2	minecraft:bowl*1,minecraft:brown_mushroom*1,minecraft:red_mushroom*1,minecraft:red_tulip*1
craft	minecraft:suspicious_stew	1	2	minecraft:bowl*1,minecraft:brown_mushroom*1,minecraft:red_mushroom*1,minecraft:torchflower*1
craft	minecraft:suspicious_stew	1	2	minecraft:bowl*1,minecraft:brown_mushroom*1,minecraft:red_mushroom*1,minecraft:white_tulip*1
craft	minecraft:suspicious_stew	1	2	minecraft:bowl*1,minecraft:brown_mushroom*1,minecraft:red_mushroom*1,minecraft:wither_rose*1
craft	minecraft:target	1	3	minecraft:redstone*4,minecraft:hay_block*1
craft	minecraft:tide_armor_trim_smithing_template	2	3	minecraft:diamond*7,minecraft:tide_armor_trim_smithing_template*1,minecraft:prismarine*1
craft	minecraft:tinted_glass	2	3	minecraft:amethyst_shard*4,minecraft:glass*1
craft	minecraft:tnt	1	3	minecraft:gunpowder*5,minecraft:sand|minecraft:red_sand*4
craft	minecraft:tnt_minecart	1	2	minecraft:tnt*1,minecraft:minecart*1
craft	minecraft:torch	4	2	minecraft:coal|minecraft:charcoal*1,minecraft:stick*1
craft	minecraft:trapped_chest	1	2	minecraft:chest*1,minecraft:tripwire_hook*1
craft	minecraft:tripwire_hook	2	3	minecraft:iron_ingot*1,minecraft:stick*1,#minecraft:planks*1
craft	minecraft:tuff_brick_slab	6	3	minecraft:tuff_bricks*3
craft	minecraft:tuff_brick_stairs	4	3	minecraft:tuff_bricks*6
craft	minecraft:tuff_brick_wall	6	3	minecraft:tuff_bricks*6
craft	minecraft:tuff_bricks	4	2	minecraft:polished_tuff*4
craft	minecraft:tuff_slab	6	3	minecraft:tuff*3
craft	minecraft:tuff_stairs	4	3	minecraft:tuff*6
craft	minecraft:tuff_wall	6	3	minecraft:tuff*6
craft	minecraft:turtle_helmet	1	3	minecraft:turtle_scute*5
craft	minecraft:vex_armor_trim_smithing_template	2	3	minecraft:diamond*7,minecraft:vex_armor_trim_smithing_template*1,minecraft:cobblestone*1
craft	minecraft:ward_armor_trim_smithing_template	2	3	minecraft:diamond*7,minecraft:ward_armor_trim_smithing_template*1,minecraft:cobbled_deepslate*1
craft	minecraft:warped_button	1	2	minecraft:warped_planks*1
craft	minecraft:warped_door	3	3	minecraft:warped_planks*6
craft	minecraft:warped_fence	3	3	minecraft:warped_planks*4,minecraft:stick*2
craft	minecraft:warped_fence_gate	1	3	minecraft:stick*4,minecraft:warped_planks*2
craft	minecraft:warped_fungus_on_a_stick	1	2	minecraft:fishing_rod*1,minecraft:warped_fungus*1
craft	minecraft:warped_hanging_sign	6	3	minecraft:iron_chain*2,minecraft:stripped_warped_stem*6
craft	minecraft:warped_hyphae	3	2	minecraft:warped_stem*4
craft	minecraft:warped_planks	4	2	#minecraft:warped_stems*1
craft	minecraft:warped_pressure_plate	1	2	minecraft:warped_planks*2
craft	minecraft:warped_shelf	6	3	minecraft:stripped_warped_stem*6
craft	minecraft:warped_sign	3	3	minecraft:warped_planks*6,minecraft:stick*1
craft	minecraft:warped_slab	6	3	minecraft:warped_planks*3
craft	minecraft:warped_stairs	4	3	minecraft:warped_planks*6
craft	minecraft:warped_trapdoor	2	3	minecraft:warped_planks*6
craft	minecraft:waxed_chiseled_copper	1	2	minecraft:chiseled_copper*1,minecraft:honeycomb*1
craft	minecraft:waxed_chiseled_copper	1	3	minecraft:waxed_cut_copper_slab*2
craft	minecraft:waxed_copper_bars	1	2	minecraft:copper_bars*1,minecraft:honeycomb*1
craft	minecraft:waxed_copper_block	1	2	minecraft:copper_block*1,minecraft:honeycomb*1
craft	minecraft:waxed_copper_bulb	1	2	minecraft:copper_bulb*1,minecraft:honeycomb*1
craft	minecraft:waxed_copper_bulb	4	3	minecraft:waxed_copper_block*3,minecraft:blaze_rod*1,minecraft:redstone*1
craft	minecraft:waxed_copper_chain	1	2	minecraft:copper_chain*1,minecraft:honeycomb*1
craft	minecraft:waxed_copper_chest	1	2	minecraft:copper_chest*1,minecraft:honeycomb*1
craft	minecraft:waxed_copper_door	1	2	minecraft:copper_door*1,minecraft:honeycomb*1
craft	minecraft:waxed_copper_golem_statue	1	2	minecraft:copper_golem_statue*1,minecraft:honeycomb*1
craft	minecraft:waxed_copper_grate	1	2	minecraft:copper_grate*1,minecraft:honeycomb*1
craft	minecraft:waxed_copper_grate	4	3	minecraft:waxed_copper_block*4
craft	minecraft:waxed_copper_lantern	1	2	minecraft:copper_lantern*1,minecraft:honeycomb*1
craft	minecraft:waxed_copper_trapdoor	1	2	minecraft:copper_trapdoor*1,minecraft:honeycomb*1
craft	minecraft:waxed_cut_copper	1	2	minecraft:cut_copper*1,minecraft:honeycomb*1
craft	minecraft:waxed_cut_copper	4	2	minecraft:waxed_copper_block*4
craft	minecraft:waxed_cut_copper_slab	1	2	minecraft:cut_copper_slab*1,minecraft:honeycomb*1
craft	minecraft:waxed_cut_copper_slab	6	3	minecraft:waxed_cut_copper*3
craft	minecraft:waxed_cut_copper_stairs	1	2	minecraft:cut_copper_stairs*1,minecraft:honeycomb*1
craft	minecraft:waxed_cut_copper_stairs	4	3	minecraft:waxed_cut_copper*6
craft	minecraft:waxed_exposed_chiseled_copper	1	2	minecraft:exposed_chiseled_copper*1,minecraft:honeycomb*1
craft	minecraft:waxed_exposed_chiseled_copper	1	3	minecraft:waxed_exposed_cut_copper_slab*2
craft	minecraft:waxed_exposed_copper	1	2	minecraft:exposed_copper*1,minecraft:honeycomb*1
craft	minecraft:waxed_exposed_copper_bars	1	2	minecraft:exposed_copper_bars*1,minecraft:honeycomb*1
craft	minecraft:waxed_exposed_copper_bulb	1	2	minecraft:exposed_copper_bulb*1,minecraft:honeycomb*1
craft	minecraft:waxed_exposed_copper_bulb	4	3	minecraft:waxed_exposed_copper*3,minecraft:blaze_rod*1,minecraft:redstone*1
craft	minecraft:waxed_exposed_copper_chain	1	2	minecraft:exposed_copper_chain*1,minecraft:honeycomb*1
craft	minecraft:waxed_exposed_copper_chest	1	2	minecraft:exposed_copper_chest*1,minecraft:honeycomb*1
craft	minecraft:waxed_exposed_copper_door	1	2	minecraft:exposed_copper_door*1,minecraft:honeycomb*1
craft	minecraft:waxed_exposed_copper_golem_statue	1	2	minecraft:exposed_copper_golem_statue*1,minecraft:honeycomb*1
craft	minecraft:waxed_exposed_copper_grate	1	2	minecraft:exposed_copper_grate*1,minecraft:honeycomb*1
craft	minecraft:waxed_exposed_copper_grate	4	3	minecraft:waxed_exposed_copper*4
craft	minecraft:waxed_exposed_copper_lantern	1	2	minecraft:exposed_copper_lantern*1,minecraft:honeycomb*1
craft	minecraft:waxed_exposed_copper_trapdoor	1	2	minecraft:exposed_copper_trapdoor*1,minecraft:honeycomb*1
craft	minecraft:waxed_exposed_cut_copper	1	2	minecraft:exposed_cut_copper*1,minecraft:honeycomb*1
craft	minecraft:waxed_exposed_cut_copper	4	2	minecraft:waxed_exposed_copper*4
craft	minecraft:waxed_exposed_cut_copper_slab	1	2	minecraft:exposed_cut_copper_slab*1,minecraft:honeycomb*1
craft	minecraft:waxed_exposed_cut_copper_slab	6	3	minecraft:waxed_exposed_cut_copper*3
craft	minecraft:waxed_exposed_cut_copper_stairs	1	2	minecraft:exposed_cut_copper_stairs*1,minecraft:honeycomb*1
craft	minecraft:waxed_exposed_cut_copper_stairs	4	3	minecraft:waxed_exposed_cut_copper*6
craft	minecraft:waxed_exposed_lightning_rod	1	2	minecraft:exposed_lightning_rod*1,minecraft:honeycomb*1
craft	minecraft:waxed_lightning_rod	1	2	minecraft:lightning_rod*1,minecraft:honeycomb*1
craft	minecraft:waxed_oxidized_chiseled_copper	1	2	minecraft:oxidized_chiseled_copper*1,minecraft:honeycomb*1
craft	minecraft:waxed_oxidized_chiseled_copper	1	3	minecraft:waxed_oxidized_cut_copper_slab*2
craft	minecraft:waxed_oxidized_copper	1	2	minecraft:oxidized_copper*1,minecraft:honeycomb*1
craft	minecraft:waxed_oxidized_copper_bars	1	2	minecraft:oxidized_copper_bars*1,minecraft:honeycomb*1
craft	minecraft:waxed_oxidized_copper_bulb	1	2	minecraft:oxidized_copper_bulb*1,minecraft:honeycomb*1
craft	minecraft:waxed_oxidized_copper_bulb	4	3	minecraft:waxed_oxidized_copper*3,minecraft:blaze_rod*1,minecraft:redstone*1
craft	minecraft:waxed_oxidized_copper_chain	1	2	minecraft:oxidized_copper_chain*1,minecraft:honeycomb*1
craft	minecraft:waxed_oxidized_copper_chest	1	2	minecraft:oxidized_copper_chest*1,minecraft:honeycomb*1
craft	minecraft:waxed_oxidized_copper_door	1	2	minecraft:oxidized_copper_door*1,minecraft:honeycomb*1
craft	minecraft:waxed_oxidized_copper_golem_statue	1	2	minecraft:oxidized_copper_golem_statue*1,minecraft:honeycomb*1
craft	minecraft:waxed_oxidized_copper_grate	1	2	minecraft:oxidized_copper_grate*1,minecraft:honeycomb*1
craft	minecraft:waxed_oxidized_copper_grate	4	3	minecraft:waxed_oxidized_copper*4
craft	minecraft:waxed_oxidized_copper_lantern	1	2	minecraft:oxidized_copper_lantern*1,minecraft:honeycomb*1
craft	minecraft:waxed_oxidized_copper_trapdoor	1	2	minecraft:oxidized_copper_trapdoor*1,minecraft:honeycomb*1
craft	minecraft:waxed_oxidized_cut_copper	1	2	minecraft:oxidized_cut_copper*1,minecraft:honeycomb*1
craft	minecraft:waxed_oxidized_cut_copper	4	2	minecraft:waxed_oxidized_copper*4
craft	minecraft:waxed_oxidized_cut_copper_slab	1	2	minecraft:oxidized_cut_copper_slab*1,minecraft:honeycomb*1
craft	minecraft:waxed_oxidized_cut_copper_slab	6	3	minecraft:waxed_oxidized_cut_copper*3
craft	minecraft:waxed_oxidized_cut_copper_stairs	1	2	minecraft:oxidized_cut_copper_stairs*1,minecraft:honeycomb*1
craft	minecraft:waxed_oxidized_cut_copper_stairs	4	3	minecraft:waxed_oxidized_cut_copper*6
craft	minecraft:waxed_oxidized_lightning_rod	1	2	minecraft:oxidized_lightning_rod*1,minecraft:honeycomb*1
craft	minecraft:waxed_weathered_chiseled_copper	1	2	minecraft:weathered_chiseled_copper*1,minecraft:honeycomb*1
craft	minecraft:waxed_weathered_chiseled_copper	1	3	minecraft:waxed_weathered_cut_copper_slab*2
craft	minecraft:waxed_weathered_copper	1	2	minecraft:weathered_copper*1,minecraft:honeycomb*1
craft	minecraft:waxed_weathered_copper_bars	1	2	minecraft:weathered_copper_bars*1,minecraft:honeycomb*1
craft	minecraft:waxed_weathered_copper_bulb	1	2	minecraft:weathered_copper_bulb*1,minecraft:honeycomb*1
craft	minecraft:waxed_weathered_copper_bulb	4	3	minecraft:waxed_weathered_copper*3,minecraft:blaze_rod*1,minecraft:redstone*1
craft	minecraft:waxed_weathered_copper_chain	1	2	minecraft:weathered_copper_chain*1,minecraft:honeycomb*1
craft	minecraft:waxed_weathered_copper_chest	1	2	minecraft:weathered_copper_chest*1,minecraft:honeycomb*1
craft	minecraft:waxed_weathered_copper_door	1	2	minecraft:weathered_copper_door*1,minecraft:honeycomb*1
craft	minecraft:waxed_weathered_copper_golem_statue	1	2	minecraft:weathered_copper_golem_statue*1,minecraft:honeycomb*1
craft	minecraft:waxed_weathered_copper_grate	1	2	minecraft:weathered_copper_grate*1,minecraft:honeycomb*1
craft	minecraft:waxed_weathered_copper_grate	4	3	minecraft:waxed_weathered_copper*4
craft	minecraft:waxed_weathered_copper_lantern	1	2	minecraft:weathered_copper_lantern*1,minecraft:honeycomb*1
craft	minecraft:waxed_weathered_copper_trapdoor	1	2	minecraft:weathered_copper_trapdoor*1,minecraft:honeycomb*1
craft	minecraft:waxed_weathered_cut_copper	1	2	minecraft:weathered_cut_copper*1,minecraft:honeycomb*1
craft	minecraft:waxed_weathered_cut_copper	4	2	minecraft:waxed_weathered_copper*4
craft	minecraft:waxed_weathered_cut_copper_slab	1	2	minecraft:weathered_cut_copper_slab*1,minecraft:honeycomb*1
craft	minecraft:waxed_weathered_cut_copper_slab	6	3	minecraft:waxed_weathered_cut_copper*3
craft	minecraft:waxed_weathered_cut_copper_stairs	1	2	minecraft:weathered_cut_copper_stairs*1,minecraft:honeycomb*1
craft	minecraft:waxed_weathered_cut_copper_stairs	4	3	minecraft:waxed_weathered_cut_copper*6
craft	minecraft:waxed_weathered_lightning_rod	1	2	minecraft:weathered_lightning_rod*1,minecraft:honeycomb*1
craft	minecraft:wayfinder_armor_trim_smithing_template	2	3	minecraft:diamond*7,minecraft:wayfinder_armor_trim_smithing_template*1,minecraft:terracotta*1
craft	minecraft:weathered_chiseled_copper	1	2	minecraft:weathered_cut_copper_slab*2
craft	minecraft:weathered_copper_bulb	4	3	minecraft:weathered_copper*3,minecraft:blaze_rod*1,minecraft:redstone*1
craft	minecraft:weathered_copper_grate	4	3	minecraft:weathered_copper*4
craft	minecraft:weathered_cut_copper	4	2	minecraft:weathered_copper*4
craft	minecraft:weathered_cut_copper_slab	6	3	minecraft:weathered_cut_copper*3
craft	minecraft:weathered_cut_copper_stairs	4	3	minecraft:weathered_cut_copper*6
craft	minecraft:wheat	9	2	minecraft:hay_block*1
craft	minecraft:white_banner	1	3	minecraft:white_wool*6,minecraft:stick*1
craft	minecraft:white_bed	1	2	minecraft:white_dye*1,minecraft:orange_bed|minecraft:magenta_bed|minecraft:light_blue_bed|minecraft:yellow_bed|minecraft:lime_bed|minecraft:pink_bed|minecraft:gray_bed|minecraft:light_gray_bed|minecraft:cyan_bed|minecraft:purple_bed|minecraft:blue_bed|minecraft:brown_bed|minecraft:green_bed|minecraft:red_bed|minecraft:black_bed*1
craft	minecraft:white_bed	1	3	minecraft:white_wool*3,#minecraft:planks*3
craft	minecraft:white_candle	1	2	minecraft:candle*1,minecraft:white_dye*1
craft	minecraft:white_carpet	1	2	minecraft:white_dye*1,minecraft:orange_carpet|minecraft:magenta_carpet|minecraft:light_blue_carpet|minecraft:yellow_carpet|minecraft:lime_carpet|minecraft:pink_carpet|minecraft:gray_carpet|minecraft:light_gray_carpet|minecraft:cyan_carpet|minecraft:purple_carpet|minecraft:blue_carpet|minecraft:brown_carpet|minecraft:green_carpet|minecraft:red_carpet|minecraft:black_carpet*1
craft	minecraft:white_carpet	3	2	minecraft:white_wool*2
craft	minecraft:white_concrete_powder	8	3	minecraft:white_dye*1,minecraft:sand*4,minecraft:gravel*4
craft	minecraft:white_dye	1	2	minecraft:bone_meal*1
craft	minecraft:white_dye	1	2	minecraft:lily_of_the_valley*1
craft	minecraft:white_harness	1	2	minecraft:white_dye*1,minecraft:orange_harness|minecraft:magenta_harness|minecraft:light_blue_harness|minecraft:yellow_harness|minecraft:lime_harness|minecraft:pink_harness|minecraft:gray_harness|minecraft:light_gray_harness|minecraft:cyan_harness|minecraft:purple_harness|minecraft:blue_harness|minecraft:brown_harness|minecraft:green_harness|minecraft:red_harness|minecraft:black_harness*1
craft	minecraft:white_harness	1	3	minecraft:leather*3,minecraft:glass*2,minecraft:white_wool*1
craft	minecraft:white_stained_glass	8	3	minecraft:glass*8,minecraft:white_dye*1
craft	minecraft:white_stained_glass_pane	16	3	minecraft:white_stained_glass*6
craft	minecraft:white_stained_glass_pane	8	3	minecraft:glass_pane*8,minecraft:white_dye*1
craft	minecraft:white_terracotta	8	3	minecraft:terracotta*8,minecraft:white_dye*1
craft	minecraft:white_wool	1	2	minecraft:string*4
craft	minecraft:white_wool	1	2	minecraft:white_dye*1,minecraft:orange_wool|minecraft:magenta_wool|minecraft:light_blue_wool|minecraft:yellow_wool|minecraft:lime_wool|minecraft:pink_wool|minecraft:gray_wool|minecraft:light_gray_wool|minecraft:cyan_wool|minecraft:purple_wool|minecraft:blue_wool|minecraft:brown_wool|minecraft:green_wool|minecraft:red_wool|minecraft:black_wool*1
craft	minecraft:wild_armor_trim_smithing_template	2	3	minecraft:diamond*7,minecraft:wild_armor_trim_smithing_template*1,minecraft:mossy_cobblestone*1
craft	minecraft:wind_charge	4	2	minecraft:breeze_rod*1
craft	minecraft:wolf_armor	1	3	minecraft:armadillo_scute*6
craft	minecraft:wooden_axe	1	3	#minecraft:wooden_tool_materials*3,minecraft:stick*2
craft	minecraft:wooden_hoe	1	3	#minecraft:wooden_tool_materials*2,minecraft:stick*2
craft	minecraft:wooden_pickaxe	1	3	#minecraft:wooden_tool_materials*3,minecraft:stick*2
craft	minecraft:wooden_shovel	1	3	#minecraft:wooden_tool_materials*1,minecraft:stick*2
craft	minecraft:wooden_spear	1	3	#minecraft:wooden_tool_materials*1,minecraft:stick*2
craft	minecraft:wooden_sword	1	3	#minecraft:wooden_tool_materials*2,minecraft:stick*1
craft	minecraft:writable_book	1	2	minecraft:book*1,minecraft:ink_sac*1,minecraft:feather*1
craft	minecraft:yellow_banner	1	3	minecraft:yellow_wool*6,minecraft:stick*1
craft	minecraft:yellow_bed	1	2	minecraft:yellow_dye*1,minecraft:white_bed|minecraft:orange_bed|minecraft:magenta_bed|minecraft:light_blue_bed|minecraft:lime_bed|minecraft:pink_bed|minecraft:gray_bed|minecraft:light_gray_bed|minecraft:cyan_bed|minecraft:purple_bed|minecraft:blue_bed|minecraft:brown_bed|minecraft:green_bed|minecraft:red_bed|minecraft:black_bed*1
craft	minecraft:yellow_bed	1	3	minecraft:yellow_wool*3,#minecraft:planks*3
craft	minecraft:yellow_candle	1	2	minecraft:candle*1,minecraft:yellow_dye*1
craft	minecraft:yellow_carpet	1	2	minecraft:yellow_dye*1,minecraft:white_carpet|minecraft:orange_carpet|minecraft:magenta_carpet|minecraft:light_blue_carpet|minecraft:lime_carpet|minecraft:pink_carpet|minecraft:gray_carpet|minecraft:light_gray_carpet|minecraft:cyan_carpet|minecraft:purple_carpet|minecraft:blue_carpet|minecraft:brown_carpet|minecraft:green_carpet|minecraft:red_carpet|minecraft:black_carpet*1
craft	minecraft:yellow_carpet	3	2	minecraft:yellow_wool*2
craft	minecraft:yellow_concrete_powder	8	3	minecraft:yellow_dye*1,minecraft:sand*4,minecraft:gravel*4
craft	minecraft:yellow_dye	1	2	minecraft:dandelion*1
craft	minecraft:yellow_dye	1	2	minecraft:golden_dandelion*1
craft	minecraft:yellow_dye	1	2	minecraft:wildflowers*1
craft	minecraft:yellow_dye	2	2	minecraft:sunflower*1
craft	minecraft:yellow_harness	1	2	minecraft:yellow_dye*1,minecraft:white_harness|minecraft:orange_harness|minecraft:magenta_harness|minecraft:light_blue_harness|minecraft:lime_harness|minecraft:pink_harness|minecraft:gray_harness|minecraft:light_gray_harness|minecraft:cyan_harness|minecraft:purple_harness|minecraft:blue_harness|minecraft:brown_harness|minecraft:green_harness|minecraft:red_harness|minecraft:black_harness*1
craft	minecraft:yellow_harness	1	3	minecraft:leather*3,minecraft:glass*2,minecraft:yellow_wool*1
craft	minecraft:yellow_stained_glass	8	3	minecraft:glass*8,minecraft:yellow_dye*1
craft	minecraft:yellow_stained_glass_pane	16	3	minecraft:yellow_stained_glass*6
craft	minecraft:yellow_stained_glass_pane	8	3	minecraft:glass_pane*8,minecraft:yellow_dye*1
craft	minecraft:yellow_terracotta	8	3	minecraft:terracotta*8,minecraft:yellow_dye*1
craft	minecraft:yellow_wool	1	2	minecraft:yellow_dye*1,minecraft:white_wool|minecraft:orange_wool|minecraft:magenta_wool|minecraft:light_blue_wool|minecraft:lime_wool|minecraft:pink_wool|minecraft:gray_wool|minecraft:light_gray_wool|minecraft:cyan_wool|minecraft:purple_wool|minecraft:blue_wool|minecraft:brown_wool|minecraft:green_wool|minecraft:red_wool|minecraft:black_wool*1
smelt	minecraft:baked_potato	1	0	minecraft:potato*1
smelt	minecraft:black_glazed_terracotta	1	0	minecraft:black_terracotta*1
smelt	minecraft:blue_glazed_terracotta	1	0	minecraft:blue_terracotta*1
smelt	minecraft:brick	1	0	minecraft:clay_ball*1
smelt	minecraft:brown_glazed_terracotta	1	0	minecraft:brown_terracotta*1
smelt	minecraft:charcoal	1	0	#minecraft:logs_that_burn*1
smelt	minecraft:coal	1	0	minecraft:coal_ore*1
smelt	minecraft:coal	1	0	minecraft:deepslate_coal_ore*1
smelt	minecraft:cooked_beef	1	0	minecraft:beef*1
smelt	minecraft:cooked_chicken	1	0	minecraft:chicken*1
smelt	minecraft:cooked_cod	1	0	minecraft:cod*1
smelt	minecraft:cooked_mutton	1	0	minecraft:mutton*1
smelt	minecraft:cooked_porkchop	1	0	minecraft:porkchop*1
smelt	minecraft:cooked_rabbit	1	0	minecraft:rabbit*1
smelt	minecraft:cooked_salmon	1	0	minecraft:salmon*1
smelt	minecraft:copper_ingot	1	0	minecraft:copper_ore*1
smelt	minecraft:copper_ingot	1	0	minecraft:deepslate_copper_ore*1
smelt	minecraft:copper_ingot	1	0	minecraft:raw_copper*1
smelt	minecraft:copper_nugget	1	0	minecraft:copper_pickaxe|minecraft:copper_shovel|minecraft:copper_axe|minecraft:copper_hoe|minecraft:copper_sword|minecraft:copper_spear|minecraft:copper_helmet|minecraft:copper_chestplate|minecraft:copper_leggings|minecraft:copper_boots|minecraft:copper_horse_armor|minecraft:copper_nautilus_armor*1
smelt	minecraft:cracked_deepslate_bricks	1	0	minecraft:deepslate_bricks*1
smelt	minecraft:cracked_deepslate_tiles	1	0	minecraft:deepslate_tiles*1
smelt	minecraft:cracked_nether_bricks	1	0	minecraft:nether_bricks*1
smelt	minecraft:cracked_polished_blackstone_bricks	1	0	minecraft:polished_blackstone_bricks*1
smelt	minecraft:cracked_stone_bricks	1	0	minecraft:stone_bricks*1
smelt	minecraft:cyan_glazed_terracotta	1	0	minecraft:cyan_terracotta*1
smelt	minecraft:deepslate	1	0	minecraft:cobbled_deepslate*1
smelt	minecraft:diamond	1	0	minecraft:deepslate_diamond_ore*1
smelt	minecraft:diamond	1	0	minecraft:diamond_ore*1
smelt	minecraft:dried_kelp	1	0	minecraft:kelp*1
smelt	minecraft:emerald	1	0	minecraft:deepslate_emerald_ore*1
smelt	minecraft:emerald	1	0	minecraft:emerald_ore*1
smelt	minecraft:glass	1	0	#minecraft:smelts_to_glass*1
smelt	minecraft:gold_ingot	1	0	minecraft:deepslate_gold_ore*1
smelt	minecraft:gold_ingot	1	0	minecraft:gold_ore*1
smelt	minecraft:gold_ingot	1	0	minecraft:nether_gold_ore*1
smelt	minecraft:gold_ingot	1	0	minecraft:raw_gold*1
smelt	minecraft:gold_nugget	1	0	minecraft:golden_pickaxe|minecraft:golden_shovel|minecraft:golden_axe|minecraft:golden_hoe|minecraft:golden_sword|minecraft:golden_spear|minecraft:golden_helmet|minecraft:golden_chestplate|minecraft:golden_leggings|minecraft:golden_boots|minecraft:golden_horse_armor|minecraft:golden_nautilus_armor*1
smelt	minecraft:gray_glazed_terracotta	1	0	minecraft:gray_terracotta*1
smelt	minecraft:green_dye	1	0	minecraft:cactus*1
smelt	minecraft:green_glazed_terracotta	1	0	minecraft:green_terracotta*1
smelt	minecraft:iron_ingot	1	0	minecraft:deepslate_iron_ore*1
smelt	minecraft:iron_ingot	1	0	minecraft:iron_ore*1
smelt	minecraft:iron_ingot	1	0	minecraft:raw_iron*1
smelt	minecraft:iron_nugget	1	0	minecraft:iron_pickaxe|minecraft:iron_shovel|minecraft:iron_axe|minecraft:iron_hoe|minecraft:iron_sword|minecraft:iron_spear|minecraft:iron_helmet|minecraft:iron_chestplate|minecraft:iron_leggings|minecraft:iron_boots|minecraft:iron_horse_armor|minecraft:chainmail_helmet|minecraft:chainmail_chestplate|minecraft:chainmail_leggings|minecraft:chainmail_boots|minecraft:iron_nautilus_armor*1
smelt	minecraft:iron_nugget	1	0	minecraft:iron_pickaxe|minecraft:iron_shovel|minecraft:iron_axe|minecraft:iron_hoe|minecraft:iron_sword|minecraft:iron_spear|minecraft:iron_helmet|minecraft:iron_chestplate|minecraft:iron_leggings|minecraft:iron_boots|minecraft:iron_horse_armor|minecraft:iron_nautilus_armor|minecraft:chainmail_helmet|minecraft:chainmail_chestplate|minecraft:chainmail_leggings|minecraft:chainmail_boots*1
smelt	minecraft:lapis_lazuli	1	0	minecraft:deepslate_lapis_ore*1
smelt	minecraft:lapis_lazuli	1	0	minecraft:lapis_ore*1
smelt	minecraft:leaf_litter	1	0	#minecraft:leaves*1
smelt	minecraft:light_blue_glazed_terracotta	1	0	minecraft:light_blue_terracotta*1
smelt	minecraft:light_gray_glazed_terracotta	1	0	minecraft:light_gray_terracotta*1
smelt	minecraft:lime_dye	1	0	minecraft:sea_pickle*1
smelt	minecraft:lime_glazed_terracotta	1	0	minecraft:lime_terracotta*1
smelt	minecraft:magenta_glazed_terracotta	1	0	minecraft:magenta_terracotta*1
smelt	minecraft:nether_brick	1	0	minecraft:netherrack*1
smelt	minecraft:netherite_scrap	1	0	minecraft:ancient_debris*1
smelt	minecraft:orange_glazed_terracotta	1	0	minecraft:orange_terracotta*1
smelt	minecraft:pink_glazed_terracotta	1	0	minecraft:pink_terracotta*1
smelt	minecraft:popped_chorus_fruit	1	0	minecraft:chorus_fruit*1
smelt	minecraft:purple_glazed_terracotta	1	0	minecraft:purple_terracotta*1
smelt	minecraft:quartz	1	0	minecraft:nether_quartz_ore*1
smelt	minecraft:red_glazed_terracotta	1	0	minecraft:red_terracotta*1
smelt	minecraft:redstone	1	0	minecraft:deepslate_redstone_ore*1
smelt	minecraft:redstone	1	0	minecraft:redstone_ore*1
smelt	minecraft:resin_brick	1	0	minecraft:resin_clump*1
smelt	minecraft:smooth_basalt	1	0	minecraft:basalt*1
smelt	minecraft:smooth_quartz	1	0	minecraft:quartz_block*1
smelt	minecraft:smooth_red_sandstone	1	0	minecraft:red_sandstone*1
smelt	minecraft:smooth_sandstone	1	0	minecraft:sandstone*1
smelt	minecraft:smooth_stone	1	0	minecraft:stone*1
smelt	minecraft:sponge	1	0	minecraft:wet_sponge*1
smelt	minecraft:stone	1	0	minecraft:cobblestone*1
smelt	minecraft:terracotta	1	0	minecraft:clay*1
smelt	minecraft:white_glazed_terracotta	1	0	minecraft:white_terracotta*1
smelt	minecraft:yellow_glazed_terracotta	1	0	minecraft:yellow_terracotta*1
